"EPCI","LIBEPCI","NATURE_EPCI"
"200000164","CC de Pange","CC"
"200000172","CC Faucigny-Glières","CC"
"200000321","CA des 2 Rives de la Seine","CA"
"200000354","CC de la Louge et du Touch","CC"
"200000388","CC du Sud Morvan","CC"
"200000420","CC de la Vôge vers les Rives de la Moselle","CC"
"200000438","CC du Pays de Pontchâteau St Gildas des Bois","CC"
"200000487","CC du Plateau de Lommoye (CCPL)","CC"
"200000537","CC de la Presqu'île de Rhuys","CC"
"200000545","CC des Portes de Romilly sur Seine","CC"
"200000594","CC Entre Loire et Allier","CC"
"200000610","CC le Minervois","CC"
"200000628","CC Rhône Lez Provence","CC"
"200000636","CC Cévenne et Montagne Ardéchoises","CC"
"200000735","CC de la Viadène","CC"
"200000743","CC du Nebbiu","CC"
"200000776","CA Argenteuil - Bezons","CA"
"200000800","CC Coeur de Sologne","CC"
"200000925","CC de la Plaine Dijonnaise","CC"
"200000933","CC Sauldre et Sologne","CC"
"200000974","CC Sources de la Loire","CC"
"200001006","CC du Pays d'Eguzon-Val de Creuse","CC"
"200001105","CC du Canton de Salies-du-Salat","CC"
"200001170","CC Aubrac-Lot-Causse","CC"
"200004802","CC du Pays de Fayence","CC"
"200005130","CC du Pays de Trie","CC"
"200005932","CC du Canton de La Ferté-Saint-Aubin","CC"
"200005957","CC de la Région de Rambervillers","CC"
"200006047","CC du Sud Dijonnais","CC"
"200006070","CC Villeneuvois, Diège et Lot","CC"
"200006385","CA de l'Aéroport du Bourget","CA"
"200006393","CC du Val de Vôge","CC"
"200006427","CC Sère - Garonne - Gimone","CC"
"200006435","CC des Terrasses et Plaines des Deux cantons","CC"
"200006682","CA Beaune, Côte et Sud - Communauté Beaune-Chagny-Nolay","CA"
"200006716","CC du Nogentais","CC"
"200006765","CC des Terres d'Apcher","CC"
"200006781","CC Entre 2 Lacs","CC"
"200006872","CC Champagnole Porte du Haut Jura","CC"
"200006880","CC Moine et Sèvre","CC"
"200006930","CC du Haut Allier","CC"
"200006971","CC du Perche","CC"
"200007052","CC de la Marche Berrichonne","CC"
"200007128","CC Errobi","CC"
"200007177","CC Pays de Nérondes","CC"
"200007425","CC du Canton de Tournay","CC"
"200007433","CC du Canton de Saint-Laurent-de-Neste","CC"
"200009611","CC des Portes du Comminges","CC"
"200010650","CA du Grand Dole","CA"
"200010700","CC Caux Vallée de Seine","CC"
"200011286","CC de l'Aubrac Lozérien","CC"
"200011625","CC du Pays Boulageois","CC"
"200011773","CA Annemasse-Les Voirons-Agglomération","CA"
"200011781","CC Portes du Berry entre Loire et Val d'Aubois","CC"
"200011799","CC de la Vallée de la Barousse","CC"
"200011997","CC Authie-Maye","CC"
"200012003","CC des 2 Sources","CC"
"200012037","CC de l'Isle Crémieu","CC"
"200012060","CC Petite Montagne","CC"
"200012136","CC Seuil Charente Périgord","CC"
"200012227","CC la Porte du Vignoble","CC"
"200013050","CC Sauer-Pechelbronn","CC"
"200015162","CC de l'Oriente","CC"
"200016905","CC du Pays de Lamastre","CC"
"200017275","CC du Conflent","CC"
"200017341","CC Lodévois et Larzac","CC"
"200017408","CC Cap Lauragais CC du Canton de Villefranche de Lauragais","CC"
"200017762","CC de La Motte-du-Caire -Turriers","CC"
"200017846","CC Etampois Sud Essonne (CCESE)","CC"
"200017853","CC Boischaut-Marche","CC"
"200018059","CA du Mont Valérien","CA"
"200018083","CC de Desvres-Samer","CC"
"200018158","CC des Sources de la Tille","CC"
"200018166","CC du Pays du Grésivaudan (CCPG)","CC"
"200018190","CC du Pays d'Entrevaux","CC"
"200018315","CC Apcher-Margeride-Aubrac","CC"
"200018323","CC du Canton de Beaugency","CC"
"200018356","CC du Canton de Mercoeur","CC"
"200018364","CC du Canton de Saint Privat","CC"
"200018406","CC du Romorantinais et du Monestois","CC"
"200018497","CC Aure 2008","CC"
"200018521","CC du Val de Bouzanne","CC"
"200018653","CA CAP Excellence","CA"
"200019008","CC du Pays de Clerval","CC"
"200022515","CC Haut Berry Val de Loire","CC"
"200022523","CA de la Brie Francilienne","CA"
"200022812","CC Gâtine - Autize","CC"
"200022846","CC du Barséquanais","CC"
"200022986","CC du Grand Pic Saint-Loup","CC"
"200022994","CC de Château-Renard","CC"
"200023026","CC du Pays de Bitche","CC"
"200023075","CC du Pays de Maîche","CC"
"200023125","CC les Portes Briardes Entre Villes et Forêts","CC"
"200023216","CC Aubrac-Laguiole","CC"
"200023240","CC Pays de Nemours","CC"
"200023257","CC Sologne Bourbonnais-Nivernais","CC"
"200023273","CC du Nord de l'Aube","CC"
"200023281","CA Mulhouse Alsace Agglomération (m2A)","CA"
"200023299","CC Coeur de Tarentaise","CC"
"200023307","CA du Grand Villeneuvois","CA"
"200023323","CC des Vallées du Cristal","CC"
"200023331","CC Pontgibaud Sioule et Volcans","CC"
"200023356","CA Grand Paris Seine Ouest (GPSO)","CA"
"200023372","CC de la Vallée de Chamonix-Mont-Blanc","CC"
"200023414","CA Rouen - Elbeuf - Austreberthe (C.R.E.A.)","CA"
"200023430","CA Est Ensemble","CA"
"200023448","CA Terres de France","CA"
"200023489","CC Entre Allier et Bois Noirs","CC"
"200023547","CC du Pays de Luchon","CC"
"200023554","CC du Boulonnais","CC"
"200023562","CC le Coeur du Pithiverais","CC"
"200023620","CC de la Gascogne Toulousaine","CC"
"200023695","CC Coeur Sud Oise","CC"
"200023703","CC des Trois Forêts","CC"
"200023737","CA du Grand Cahors","CA"
"200023778","CC du Pays de St Gilles-Croix-de-Vie","CC"
"200023794","CC du Canton de Blaye","CC"
"200023877","CC du Pays de Vernoux","CC"
"200023919","CC Gâtinais Val de Loing","CC"
"200024487","CC du Val d'Arly - Com'Arly","CC"
"200025161","CC de la Raye","CC"
"200026177","CC du chardon lorrain","CC"
"200026185","CC de la Vallée de l'Orne","CC"
"200026482","CC Bresse Revermont","CC"
"200026573","CC Haut-Jura Saint-Claude","CC"
"200026722","CC du Canton de Cazères","CC"
"200026979","CA Seine-Défense","CA"
"200027001","CC du Sancerrois","CC"
"200027027","CC Arc Sud Bretagne","CC"
"200027035","CC Bouilly Mogne Aumont","CC"
"200027068","CA du Libournais","CA"
"200027076","CC Arnon Boischaut Cher","CC"
"200027100","CC Méditerranée Porte des Maures","CC"
"200027183","CA Perpignan Méditerranée Communauté d'Agglomération (PMCA)","CA"
"200027217","CC Sarlat-Périgord Noir","CC"
"200027225","CC la Brie des Morin","CC"
"200027274","CC du Coeur de la Brie","CC"
"200027308","CC d'Auberive Vingeanne et Montsaugeonnais","CC"
"200027399","CC Fumel communauté","CC"
"200027548","CC des Savanes","CC"
"200029734","CC des 4B","CC"
"200029999","CC Rives de l'Ain - Pays du Cerdon","CC"
"200030104","CC Les terres du Gâtinais","CC"
"200030195","Métropole Nice Côte d'Azur","ME"
"200030229","CC du Val des Mauves","CC"
"200030385","CA de Blois Agglopolys","CA"
"200030435","CC d'Aire sur l'Adour","CC"
"200030518","CC entre Somme et Loire","CC"
"200030526","CC du Ried de Marckolsheim","CC"
"200030559","CC du Betz et de la Cléry","CC"
"200030583","CC de la Région de Haguenau","CC"
"200030633","CC du Caudrésis et du Catésis","CC"
"200030658","CC du Trièves","CC"
"200030674","CA Val de Garonne Agglomération","CA"
"200030716","CC du Grand Roye","CC"
"200032514","CC Berry-Loire-Vauvise","CC"
"200033025","CA de Bar-le-Duc - Sud Meuse","CA"
"200033090","CC Plaines et monts de France","CC"
"200033116","CC Cluses-Arve et Montagnes","CC"
"200033124","CC LINTERCOM Lisieux-Pays d'Auge-Normandie","CC"
"200033157","CA Caen la mer","CA"
"200033173","CC de la Haute Vallée de Chevreuse","CC"
"200033181","CA Chartres Métropole","CA"
"200033199","CC Coteaux du Vexin","CC"
"200033207","CC Vierzon-Sologne-Berry","CC"
"200033215","CC Maisons-Mesnil","CC"
"200033298","CC des Coëvrons","CC"
"200033371","CA Europ'Essonne (CAEE)","CA"
"200033413","CA Seine Amont","CA"
"200033520","CC du Brannais","CC"
"200033538","CC Les Avant-Monts du Centre Hérault","CC"
"200033579","CU d'Arras","CU"
"200033686","CA Reims Métropole","CA"
"200033827","CC de Fium'Orbu Castellu","CC"
"200033868","CC des Ballons des Hautes-Vosges","CC"
"200034023","CC Tarn-Agout","CC"
"200034031","CC des Monts d'Alban et du Villefranchois","CC"
"200034049","CC Centre Tarn","CC"
"200034056","CC du Lautrécois et du Pays d'Agout","CC"
"200034064","CC du Cordais et du Causse (4 C)","CC"
"200034098","CC des Montagnes du Griffe","CC"
"200034130","CC Gally Mauldre","CC"
"200034197","CC de Montaigne Montravel et Gurson","CC"
"200034205","CC de la Costa Verde","CC"
"200034270","CC Barr-Bernstein","CC"
"200034288","CC du Pays de Marmoutier-Sommerau","CC"
"200034353","CC Coeur de Puisaye","CC"
"200034361","CA d'Epinal","CA"
"200034379","CC Pays d'Uzès","CC"
"200034411","CC du Piémont Cévenol","CC"
"200034601","CC Causses Aigoual Cévennes","CC"
"200034635","CC du Kochersberg","CC"
"200034676","CC La Ferté-St Michel","CC"
"200034684","CC du Bassin de Neufchâteau","CC"
"200034692","CA du Gard Rhodanien","CA"
"200034700","CA Durance-Lubéron-Verdon Agglomération","CA"
"200034718","CC de Vitry, Champagne et Der","CC"
"200034726","CC Bastides de Lomagne","CC"
"200034817","CA Bergeracoise","CA"
"200034825","CA du Grand Guéret","CA"
"200034833","CC des Bastides Dordogne-Périgord","CC"
"200034841","CC du Sullias","CC"
"200034874","CC Côtes de Meuse Woëvre","CC"
"200034882","CC Pays du Mont-Blanc","CC"
"200034916","CC Asse-Bléone-Verdon","CC"
"200034924","CC Les Portes du Poitou","CC"
"200034957","CC du Frontonnais","CC"
"200035020","CC de Billom - Saint-Dier / Vallée du Jauron","CC"
"200035087","CA Rhône Alpilles Durance","CA"
"200035103","CC de la Vallée de la Haute Sarthe","CC"
"200035111","CC des Sources de l'Orne","CC"
"200035129","CC de Cèze Cévennes","CC"
"200035137","CC Marche Occitane - Val d'Anglin","CC"
"200035152","CA Alès Agglomération","CA"
"200035178","CC du Pays de Saint-Eloy","CC"
"200035202","CC Charlieu-Belmont Communauté","CC"
"200035210","CC Chalaronne Centre","CC"
"200035228","CC du Pays de Pont de Roide","CC"
"200035251","CC di e tre pieve : Boziu, Mercoriu e Rogna","CC"
"200035269","CC Chambaran Vinay Vercors","CC"
"200035319","CA Var Esterel Méditérranée (CAVEM)","CA"
"200035327","CC Cazals-Salviac","CC"
"200035426","CC La Porte des Vallées","CC"
"200035434","CC Les Vertes Collines du Saint-Polois","CC"
"200035442","CC du Sud-Artois","CC"
"200035459","CA d'Agen","CA"
"200035533","CC du Grand Saint Emilonnais","CC"
"200035541","CC des Landes d'Armagnac","CC"
"200035566","CC Portes de Puisaye Forterre","CC"
"200035590","CC Pays de Coulommiers","CC"
"200035632","CC Armagnac Adour","CC"
"200035665","CA Seine Eure","CA"
"200035699","CC du Haut Trégor","CC"
"200035707","CC Piège Lauragais Malepère","CC"
"200035715","CA Carcassonne Agglo","CA"
"200035723","CC Ventoux-Sud","CC"
"200035731","CA Roannais Agglomération","CA"
"200035749","CA Marne la Vallée - Val Maubuée","CA"
"200035756","CC Astarac Arros en Gascogne","CC"
"200035764","CC de la Beauce Loirétaine","CC"
"200035772","CC du pays du Saintois","CC"
"200035780","CC Plancoët-Plélan","CC"
"200035806","CC de Hazelle en Haye","CC"
"200035814","CA du Pays de Flers","CA"
"200035848","CC du Châtillonnais en Berry","CC"
"200035855","CC Castelnaudary Lauragais Audois","CC"
"200035863","CC Région Lézignanaise, Corbières et Minervois","CC"
"200035871","CC des Corbières","CC"
"200035939","CC Terres du Grand Meaulnes","CC"
"200035954","CC du Grand Langres","CC"
"200035970","CC Vexin Centre","CC"
"200035988","CC du canton de Tinchebray","CC"
"200035996","CC des Vallées du Merlerault","CC"
"200036002","CC des Courbes de l'Orne","CC"
"200036051","CC de la Conca d'Oro","CC"
"200036069","CC du Bassin de Mortagne au Perche","CC"
"200036077","CC du Golfe de Saint-Tropez","CC"
"200036093","CA Roissy Porte de France","CA"
"200036135","CC Coeur de France","CC"
"200036150","CC des Hauts du Val de Saône","CC"
"200036168","CC des Pays de L'Aigle et de la Marche","CC"
"200036325","CC de la Vallée d'Abondance","CC"
"200036358","CC de Bourmont, Breuvannes, Saint-Blin","CC"
"200036366","CC Vannier Amance","CC"
"200036382","CC des Coteaux de Pouyastruc","CC"
"200036457","CC Bigorre-Adour-Echez","CC"
"200036465","CC Thann-Cernay","CC"
"200036473","CA De Saintes","CA"
"200036499","CC de Marana-Golo","CC"
"200036523","CC Des Bastides en Haut Agenais Périgord","CC"
"200036549","CC Val de Gray","CC"
"200036572","CC Porte d'Aquitaine en Pays de Serres","CC"
"200036614","CA Sud Pays Basque","CA"
"200036655","CC du Mortainais","CC"
"200036721","CC du Val de Sée","CC"
"200037059","CC de la Haute Somme","CC"
"200037133","CC du Provinois","CC"
"200038933","CA Privas Centre Ardèche","CA"
"200038958","CC de la Pieve de L'Ornano","CC"
"200038982","CC Dame Blanche et Bussière","CC"
"200038990","CC de Saint-Méen Montauban","CC"
"200039022","CA Vitré Communauté","CA"
"200039055","CC du Sombernonnais et de la Vallée de l'Ouche","CC"
"200039063","CC Forêts, Seine et Suzon","CC"
"200039196","CC des Baronnies","CC"
"200039204","CC de Lacq-Orthez","CC"
"200039519","CC du Quercy Blanc","CC"
"200039576","CC du Pays Chablisien","CC"
"200039626","CC du Villeneuvien","CC"
"200039634","CC du Florentinois","CC"
"200039642","CC Le Tonnerrois en Bourgogne","CC"
"200039709","CC de la Haute Vallée du Serein, Nucérienne et Terre Plaine","CC"
"200039725","CC Forterre Val d'Yonne","CC"
"200039733","CC de l'Orée de Puisaye","CC"
"200039758","CC de l'Avallonnais, de Morvan-Vauban et du Vézelien","CC"
"200039808","CC des Gorges de l'Ardèche","CC"
"200039824","CC Ardèche des Sources et Volcans","CC"
"200039832","CC Chassezac et Claysse","CC"
"200039857","CA du Pays de Grasse","CA"
"200039865","CA Metz Métropole","CA"
"200039907","CC du Sud Messin","CC"
"200039915","CA des Pays de Lérins","CA"
"200039931","CC Alpes d'Azur","CC"
"200039949","CC Rives de Moselle","CC"
"200039956","CC de Sarrebourg - Moselle Sud","CC"
"200040004","CA du Gapençais","CA"
"200040038","CC Saône Doubs Bresse","CC"
"200040046","CC Saint-Germain Seine et Forêts","CC"
"200040053","CC du Charolais","CC"
"200040061","CC des Luys en Béarn","CC"
"200040087","CC du Tilleul et de la Bourbeuse","CC"
"200040095","CC Isle Vern Salembre en Périgord","CC"
"200040111","CC Coeur de Chartreuse","CC"
"200040137","CC des Lacs de Champagne","CC"
"200040178","CC de l'Outre-Forêt","CC"
"200040194","CC des Feuillardiers","CC"
"200040202","CC Provence Verdon","CC"
"200040210","CC Lacs et Gorges du Verdon","CC"
"200040244","CA du Bocage Bressuirais","CA"
"200040251","CC Bassée-Montois","CC"
"200040269","CC Vesle et Coteaux de la Montagne de Reims","CC"
"200040277","CA du pays de Dreux","CA"
"200040285","CC du Grand Autunois Morvan","CC"
"200040293","CC du Clunisois","CC"
"200040319","CC des Monts et des Vignes","CC"
"200040327","CC Entre la Grosne et le Mont Saint Vincent","CC"
"200040350","CC Bugey Sud","CC"
"200040384","CC Isle Double Landais","CC"
"200040392","CA Le Grand Périgueux","CA"
"200040400","CC du Pays Ribéracois","CC"
"200040418","CC du Pays de Serres","CC"
"200040426","CC du Val de l'Oise","CC"
"200040442","CC Luberon Monts de Vaucluse","CC"
"200040459","CA Montélimar-Agglomération","CA"
"200040475","CC des Pays de Loué - Vègre et Champagne","CC"
"200040483","CA Valence-Romans Sud Rhône-Alpes","CA"
"200040491","CC Porte de Drômardèche","CC"
"200040509","CC du Crestois et du Pays de Saillans Coeur de Drôme","CC"
"200040541","CC Saône Beaujolais","CC"
"200040558","CC Ecueillé-Valençay","CC"
"200040566","CC de l'Ouest Rhodanien","CC"
"200040574","CC Beaujolais Pierres Dorées","CC"
"200040590","CA Villefranche Beaujolais Saône","CA"
"200040616","CC du Pays Vernois et du Terroir de La Truffe","CC"
"200040624","CC du pays d'Apt-Pont Julien","CC"
"200040657","CC de la Matheysine du pays de Corps et des vallées du Valbonnais","CC"
"200040665","CA Lannion-Trégor-Communauté","CA"
"200040673","CC Poissy-Achères-Conflans Sainte Honorine","CC"
"200040681","CC Enclave des Papes-Pays de Grignan","CC"
"200040715","CA de Grenoble-Alpes-Métropole (Métro)","CA"
"200040723","CC Bièvre Isère","CC"
"200040764","CC du Sud Corse","CC"
"200040772","CC du Perche & Haut Vendômois","CC"
"200040780","CC Vallées Loir et Braye","CC"
"200040798","CC Val Vanoise Tarentaise","CC"
"200040814","CC Briance Sud Haute Vienne","CC"
"200040830","CC du Pays de Fénelon","CC"
"200040863","CC Val-de-Cher-Controis","CC"
"200040871","CC des Deux Sevi","CC"
"200040889","CC des Portes Sud Périgord","CC"
"200040905","CC du Carmausin - Ségala-Carmausin","CC"
"200040947","CC de Flandre Intérieure","CC"
"200040954","CC des Hauts de Flandre","CC"
"200041010","CC Coeur de Savoie","CC"
"200041028","CC Bourbre-Tisserands","CC"
"200041044","CC du Pays de l'Hermitage et du Tournonais","CC"
"200041051","CC Vallée de la Dordogne et Forêt Bessède","CC"
"200041150","CC du Terrassonnais en Périgord Noir Thenon Hautefort","CC"
"200041168","CC de la Vallée de l'Homme","CC"
"200041176","CC du Périgord Vert Nontronnais","CC"
"200041200","CC du Plateau de Lannemezan et des Baïses","CC"
"200041218","CC du Montaigu","CC"
"200041226","CC du Pays de Lourdes","CC"
"200041267","CC du Val d'Adour et du Madiranais","CC"
"200041283","CC de la Plaine du Rhin","CC"
"200041291","CC Vère-Grésigne - Pays Salvagnacois","CC"
"200041317","CA du Niortais","CA"
"200041325","CC du Pays Rhénan","CC"
"200041333","CC de Parthenay-Gâtine","CC"
"200041366","CC Rhône Crussol","CC"
"200041416","CC Airvaudais-Val du Thouet","CC"
"200041440","CC de Domme- Villefranche du Périgord","CC"
"200041465","CC Val Eyrieux","CC"
"200041499","CC Aunis Atlantique","CC"
"200041507","CC du sud est Grande Terre La riviera du Levant","CC"
"200041515","CC du bassin de Pont-à-Mousson","CC"
"200041523","CC de la Haute Saintonge","CC"
"200041556","CC Portes de la Creuse en Marche","CC"
"200041564","CC du Haut Périgord","CC"
"200041572","CC Dronne et Belle","CC"
"200041606","CC Portes de France","CC"
"200041614","CC Aunis Sud","CC"
"200041622","CC Ardennes Thiérache","CC"
"200041630","CA Charleville-Mézières/Sedan","CA"
"200041671","CC Intercom Risle et Charentonne","CC"
"200041689","CC des Vals de Saintonge","CC"
"200041721","CC de la Haute Comté","CC"
"200041762","CA Rochefort Océan","CA"
"200041788","CA du Pays Nord Martinique","CA"
"200041853","CC du Pays de Montbozon et du Chanois","CC"
"200041861","CC du Triangle Vert","CC"
"200041879","CC Terres de Saône","CC"
"200041887","CC du Val Marnaysien","CC"
"200041960","CC Pévèle-Carembault","CC"
"200041994","CC du Haut Val de Sèvre","CC"
"200042000","CC Vologne-Durbion","CC"
"200042109","CC Fave, Meurthe, Galilée","CC"
"200042117","CC du Pays de Mirecourt","CC"
"200042125","CC Terre de Granite","CC"
"200042133","CC du Pays des Abbayes","CC"
"200042141","CC des Vallées de la Haute-Meurthe","CC"
"200042174","CA Lorient Agglomération","CA"
"200042182","CC du Mont des Avaloirs","CC"
"200042190","CA de la Porte du Hainaut","CA"
"200042323","CC du Mellois","CC"
"200042331","CC du Piémont Vosgien","CC"
"200042349","CC du Toulois","CC"
"200042372","CC des Coteaux Arrats Gimone","CC"
"200042380","CC Coeur de Bresse","CC"
"200042406","CC Saône, Seille, Sâne","CC"
"200042414","CC Bresse Revermont 71","CC"
"200042422","CC du Niolu","CC"
"200042430","CC de la Vallée du Golo","CC"
"200042463","CC de la Montagne Noire","CC"
"200042471","CC Cideral","CC"
"200042497","CC Dombes Saône Vallée","CC"
"200042513","CC Argentan Intercom","CC"
"200042596","CC des Dui-Sorru Cruzzini-Cinarca","CC"
"200042604","CC de Granville, Terre et Mer","CC"
"200042620","CC de Suippe et Vesle","CC"
"200042646","CC Avène - Bédarieux - Lamalou - Taussac - Le Bousquet d'Orb","CC"
"200042653","CC Canal-Lirou Saint-Chinianais","CC"
"200042695","CC Communauté du bocage coutançais","CC"
"200042703","CC de l'Argonne Champenoise","CC"
"200042711","CC du Coeur du Cotentin","CC"
"200042729","CC de la Baie du Cotentin","CC"
"200042794","CC du Nord Champenois","CC"
"200042828","CC Grand-Figeac","CC"
"200042901","CC Drôme Sud Provence","CC"
"200042919","CC Orezza-Ampugnani","CC"
"200042927","CC Tude et Dronne","CC"
"200042935","CC Haut - Bugey","CC"
"200042943","CC du Cap Corse","CC"
"200042976","CC Ardre et Châtillonnais","CC"
"200042984","CC d'Avranches-Mont-St-Michel","CC"
"200042992","CC Perthois-Bocage et Der","CC"
"200043008","CA de Châlons en Champagne","CA"
"200043016","CC pays Villefagnan Ruffec Trois Vallées","CC"
"200043065","CC du Val d Amboise","CC"
"200043081","CC Chinon, Vienne et Loire","CC"
"200043123","CC Auray Quiberon Terre Atlantique","CC"
"200043156","CC Du Pays Rethelois","CC"
"200043164","CC Val et Plateaux Bortois","CC"
"200043172","CA du Bassin de Brive","CA"
"200043255","CC Dinan communauté","CC"
"200043263","CC Coeur de l'Avesnois","CC"
"200043321","CC du Pays de Mormal","CC"
"200043354","CC Intercom du Bassin de Villedieu","CC"
"200043370","CA Saint-Lo Agglo","CA"
"200043388","CC Fismes Ardre et Vesle","CC"
"200043396","CA Maubeuge Val de Sambre","CA"
"200043404","CC du Sud Avesnois","CC"
"200043420","CC Côtes de Champagne et Saulx","CC"
"200043438","CC de la Moivre à la Coole","CC"
"200043487","CC du Limouxin","CC"
"200043495","CA du Pays de Laon","CA"
"200043602","CC des Albères et de la Côte Vermeille","CC"
"200043610","CC du Mirebalais","CC"
"200043628","CC des Vallées du Clain","CC"
"200043636","CC des Pays Civraisien et Charlois","CC"
"200043693","CC du pays de Longuyon et des Deux Rivières","CC"
"200043776","CC Pyrénées audoises","CC"
"200043909","CC du Pays de Saint-Flour Margeride","CC"
"200043917","CA du Bassin d'Annonay","CA"
"200043974","CC du Sud Gironde","CC"
"200043982","CC du Bazadais","CC"
"200043990","CC Vallons de Haute-Bretagne Communauté","CC"
"200044014","CC Creuse Grand Sud","CC"
"200044022","CA de Cambrai","CA"
"200044030","CC des 7 Vallées","CC"
"200044048","CC Osartis Marquion","CC"
"200044055","CA de Béthune Bruay Noeux et Environs","CA"
"200044170","CA de Saint-Dizier, Der et Blaise","CA"
"200044253","CC du bassin de Joinville en Champagne","CC"
"200044394","CC du Réolais en Sud Gironde","CC"
"200044469","CC du Pays de Mirepoix","CC"
"200044550","CC de l'Ouest Parisien","CC"
"200044618","CA du Douaisis [C.A.D.]","CA"
"200044691","CA du nord Grande Terre","CA"
"200044733","CA Seine & Vexin Com Agglo","CA"
"240100156","CC de Montrevel - en - Bresse","CC"
"240100339","CC du Canton de Saint Trivier de Courtes","CC"
"240100370","CC du Valromey","CC"
"240100396","CC de la Vallée de l'Albarine","CC"
"240100412","CC Rhône - Chartreuse de Portes","CC"
"240100578","CC du Plateau d'Hauteville","CC"
"240100594","CC Val de Saône - Chalaronne","CC"
"240100610","CC du Canton de Montluel","CC"
"240100628","CA Bourg en Bresse Agglomération","CA"
"240100636","CC de Treffort en Revermont","CC"
"240100651","CC du Canton de Coligny","CC"
"240100669","CC des Bords de Veyle","CC"
"240100677","CC du Canton de Chalamont","CC"
"240100685","CC du Canton de Pont de Vaux","CC"
"240100693","CC de la Vallière","CC"
"240100727","CC Montmerle Trois Rivières","CC"
"240100750","CC du Pays de Gex","CC"
"240100800","CC de Miribel et du Plateau","CC"
"240100818","CC du Pays de Bâgé","CC"
"240100826","CC du Canton de Pont de Veyle","CC"
"240100842","CC Bresse Dombes Sud Revermont","CC"
"240100875","CC Centre Dombes","CC"
"240100883","CC de la Plaine de l'Ain","CC"
"240100891","CC du Pays Bellegardien (CCPB)","CC"
"240200261","CA de Saint Quentin","CA"
"240200428","CC des Villes d'Oyse","CC"
"240200436","CC du Pays de la Vallée de l'Aisne","CC"
"240200444","CC de la Thiérache du Centre","CC"
"240200451","CC de la Thiérache d'Aumale","CC"
"240200469","CC du Pays de la Serre","CC"
"240200477","CA du Soissonnais","CA"
"240200485","CC de la Région de Guise","CC"
"240200493","CC du Pays du Vermandois","CC"
"240200501","CC du Val de l'Aisne","CC"
"240200519","CC du Canton d'Oulchy le Château","CC"
"240200527","CC du Canton de Saint Simon (C32S)","CC"
"240200550","CC du Canton de Condé en Brie","CC"
"240200568","CC de l'Ourcq et du Clignon","CC"
"240200576","CC de la Champagne Picarde","CC"
"240200584","CC du Canton de Charly sur Marne","CC"
"240200592","CC du Chemin des Dames","CC"
"240200600","CC du Pays des Trois Rivières","CC"
"240200618","CC de la Région de Château Thierry","CC"
"240200626","CC du Tardenois","CC"
"240200634","CC des Portes de la Thiérache","CC"
"240200642","CC du Val de l'Ailette","CC"
"240200659","CC des Vallons d'Anizy","CC"
"240200683","CC Chauny Tergnier","CC"
"240200691","CC Villers-Cotterêts - Forêt de Retz","CC"
"240300418","CC de la Montagne Bourbonnaise","CC"
"240300426","CA Vichy Val d'Allier","CA"
"240300491","CC du Pays de Lapalisse","CC"
"240300533","CC du Bassin de Gannat","CC"
"240300558","CC du Pays de Tronçais","CC"
"240300566","CC du Val de Cher","CC"
"240300582","CC Commentry-Néris les Bains","CC"
"240300590","CC de la Région de Montmarault","CC"
"240300608","CA Montluçonnaise","CA"
"240300616","CA de Moulins","CA"
"240300624","CC du Pays de Marcillat en Combraille","CC"
"240300640","CC Val de Besbre - Sologne Bourbonnaise","CC"
"240300657","CC du Pays d'Huriel","CC"
"240300673","CC le Donjon - Val Libre","CC"
"240300681","CC Sioule, Colettes et Bouble","CC"
"240300699","CC en Pays Saint-Pourcinois","CC"
"240300707","CC Varennes-Forterre","CC"
"240300715","CC Bocage sud","CC"
"240300723","CC du Pays de Lévis en Bocage bourbonnais","CC"
"240300731","CC en Bocage Bourbonnais","CC"
"240300756","CC du Pays de Chevagnes en Sologne Bourbonnaise","CC"
"240400010","CC du Teillon","CC"
"240400135","CC du Pays de Seyne","CC"
"240400275","CC Ubaye/Serre-Ponçon","CC"
"240400283","CC du Sisteronais","CC"
"240400291","CC de la Moyenne-Durance","CC"
"240400366","CC de Haute-Provence","CC"
"240400374","CC Vallée de l'Ubaye","CC"
"240400382","CC du Moyen-Verdon","CC"
"240400408","CC des Duyes et Bléone","CC"
"240400440","CC Pays Forcalquier et Montagne de Lure","CC"
"240400481","CC de la Vallée du Jabron","CC"
"240400499","CC du Pays de Banon","CC"
"240400507","CC de Haute-Bléone","CC"
"240400515","CC du Haut-Verdon Val d'Allos","CC"
"240400523","CC Terres de Lumière","CC"
"240400531","CC Lure Vançon Durance","CC"
"240500181","CC du Haut-Buëch","CC"
"240500199","CC Buëch Dévoluy","CC"
"240500215","CC du Champsaur","CC"
"240500223","CC du Queyras","CC"
"240500314","CC de Tallard-Barcillonnette","CC"
"240500322","CC du Canton de Ribiers Val de Méouge","CC"
"240500330","CC du Haut-Champsaur","CC"
"240500348","CC du Valgaudemar","CC"
"240500363","CC de l'Embrunais","CC"
"240500389","CC du Laragnais","CC"
"240500397","CC du Serrois","CC"
"240500413","CC Interdépartementale des Baronnies","CC"
"240500421","CC du Pays de Serre-Ponçon","CC"
"240500439","CC du Briançonnais","CC"
"240500447","CC de la Vallée de l'Oule","CC"
"240500454","CC du Savinois Serre-Ponçon","CC"
"240500462","CC du Pays des Ecrins","CC"
"240500470","CC de la Vallée de l'Avance","CC"
"240500488","CC du Guillestrois","CC"
"240600551","CA de la Riviera Française","CA"
"240600585","CA de Sophia Antipolis","CA"
"240600593","CC du Pays des Paillons","CC"
"240700302","CC du Pays Beaume-Drobie","CC"
"240700310","CC Pays d'Aubenas-Vals","CC"
"240700617","CC Val de Ligne","CC"
"240700674","CC du Vinobre","CC"
"240700708","CC Rhône Helvie","CC"
"240700716","CC du Val d'Ay","CC"
"240700757","CC Vivarhône","CC"
"240700815","CC Berg et Coiron","CC"
"240700831","CC Barres Coiron","CC"
"240700849","CC du Pays de St-Félicien","CC"
"240700864","CC du Rhône aux Gorges de l'Ardèche","CC"
"240800821","CC Ardenne, Rives de Meuse","CC"
"240800847","CC des Trois Cantons","CC"
"240800862","CC des Crêtes Préardennaises","CC"
"240800920","CC de l'Argonne Ardennaise","CC"
"240800946","CC Meuse et Semoy","CC"
"240900266","CC des Vallées d'Ax","CC"
"240900316","CC d'Auzat et du Vicdessos","CC"
"240900324","CC de l'Agglomération de St-Girons","CC"
"240900332","CC du Canton de Varilhes","CC"
"240900357","CC du Canton d'Oust","CC"
"240900373","CC du Canton de Massat","CC"
"240900381","CC du Pays de Foix","CC"
"240900407","CC du Pays de Pamiers","CC"
"240900415","CC de Saverdun","CC"
"240900423","CC du Seronnais 117","CC"
"240900431","CC du Pays de Tarascon","CC"
"240900464","CC du Pays d'Olmes","CC"
"240900472","CC du Castillonais","CC"
"240900480","CC du Bas Couserans","CC"
"240900498","CC du Val' Couserans","CC"
"240900506","CC du Volvestre Ariégeois","CC"
"240900522","CC de Lèze","CC"
"240900530","CC de l'Arize","CC"
"240900555","CC du Donezan","CC"
"241000223","CC Forêts, Lacs, Terres en Champagne","CC"
"241000256","CC de Ramerupt","CC"
"241000264","CC de la Région des Riceys","CC"
"241000280","CC Seine Fontaine Beauregard","CC"
"241000363","CC de la Région d'Arcis-sur-Aube","CC"
"241000371","CC de Plancy-l'Abbaye","CC"
"241000389","CC de Soulaines","CC"
"241000397","CA Grand Troyes","CA"
"241000405","CC de la Région de Bar sur Aube","CC"
"241000413","CC Seine Melda Coteaux","CC"
"241000439","CC des Portes du Pays d'Othe","CC"
"241000447","CC du Pays d'Othe Aixois","CC"
"241000454","CC du Val d'Armance","CC"
"241000462","CC du Chaourcois","CC"
"241000470","CC de l'Arce et de l'Ource","CC"
"241000488","CC de l'Orvin et de l'Ardusson","CC"
"241000496","CC des Rivières","CC"
"241100353","CC Piémont d'Alaric","CC"
"241100429","CC du Pays de Couiza","CC"
"241100593","CA Le Grand Narbonne","CA"
"241200054","CC d'Entraygues sur Truyère","CC"
"241200187","CA du Grand Rodez","CA"
"241200542","CC du Réquistanais","CC"
"241200567","CC de Millau Grands Causses","CC"
"241200583","CC du Bas Ségala","CC"
"241200591","CC de la Vallée du Lot","CC"
"241200609","CC du Canton de Laissac","CC"
"241200617","CC du Carladez","CC"
"241200625","CC du Pays Rignacois","CC"
"241200633","CC du Villefranchois","CC"
"241200641","CC Conques-Marcillac","CC"
"241200658","CC du Pays de Salars","CC"
"241200666","CC de Séverac le Château","CC"
"241200674","CC du Plateau de Montbazens","CC"
"241200690","CC du Pays Baraquevillois","CC"
"241200716","CC des Pays d'Olt et d'Aubrac","CC"
"241200724","CC du Bassin de Decazeville Aubin","CC"
"241200732","CC du Canton de Najac","CC"
"241200765","CC de Lévézou Pareloup","CC"
"241200773","CC d'Estaing","CC"
"241200781","CC de Viaur Céor Lagast","CC"
"241200799","CC du Naucellois","CC"
"241200807","CC Aveyron Ségala Viaur","CC"
"241200815","CC de Bozouls Comtal","CC"
"241200823","CC du Saint Affricain","CC"
"241200831","CC du Pays Saint Serninois","CC"
"241200849","CC Lot et Serre","CC"
"241200856","CC du Rougier de Camarès","CC"
"241200864","CC de l'Argence","CC"
"241200872","CC des Sept Vallons","CC"
"241200880","CC du Pays Belmontais","CC"
"241200906","CC Larzac et Vallées","CC"
"241200914","CC de la Muse et des Raspes du Tarn","CC"
"241300177","SAN Ouest Provence","SAN"
"241300201","CA Salon Etang de Berre Durance (Agglopole Provence)","CA"
"241300268","CA du Pays d'Aubagne et de l'Etoile (CAPAE)","CA"
"241300276","CA du Pays d'Aix en Provence (CAPA)","CA"
"241300375","CC de la Vallée des Baux et des Alpilles (CC VBA)","CC"
"241300391","CU de Marseille Provence Métropole (MPM)","CU"
"241300409","CA du Pays de Martigues","CA"
"241300417","CA d'Arles-Crau-Camargue-Montagnette","CA"
"241400381","CC de Vire","CC"
"241400415","CC Coeur Côte Fleurie","CC"
"241400514","CC du Pays de Falaise","CC"
"241400522","CC du Canton de Vassy","CC"
"241400548","CC d'ORIVAL","CC"
"241400555","CC de Bayeux Intercom","CC"
"241400613","CC Intercom Balleroy-le Molay Littry","CC"
"241400621","CC de la Suisse Normande","CC"
"241400639","CC Campagne et Baie de l'Orne (CABALOR)","CC"
"241400647","CC du Cingal","CC"
"241400662","CC du Val de Seulles","CC"
"241400670","CC de Trévières","CC"
"241400688","CC Plaine Sud de Caen","CC"
"241400696","CC Entre Thue et Mue","CC"
"241400704","CC de Bény Bocage","CC"
"241400712","CC Pays de Condé et de la Druance","CC"
"241400720","CC Isigny-Grandcamp-Intercom","CC"
"241400738","CC du Pays de Livarot","CC"
"241400746","CC Evrecy Orne-Odon","CC"
"241400753","CC Intercom Séverine","CC"
"241400761","CC de Cambremer","CC"
"241400779","CC de la Vallée d'Auge","CC"
"241400787","CC Bessin Seulles Mer (B.S.M.)","CC"
"241400795","CC des Trois Rivières","CC"
"241400811","CC de l'Estuaire de la Dives","CC"
"241400829","CC Entre Bois et Marais","CC"
"241400837","CC du Val ès Dunes","CC"
"241400845","CC Copadoz","CC"
"241400860","CC Coeur de Nacre","CC"
"241400878","CC Blangy-Pont l'Evêque Intercom","CC"
"241400886","CC du Pays de Honfleur","CC"
"241400894","CC Aunay Caumont Intercom","CC"
"241400902","CC Villers Bocage Intercom","CC"
"241400910","CC du Pays de l'Orbiquet","CC"
"241500230","CA du Bassin d'Aurillac","CA"
"241500248","CC du Pays de Massiac","CC"
"241500255","CC du Pays Gentiane","CC"
"241500271","CC du Pays de Mauriac","CC"
"241500289","CC du Pays de Montsalvy","CC"
"241500917","CC du Pays de Maurs","CC"
"241501014","CC du Pays de Pierrefort-Neuvéglise","CC"
"241501022","CC du Cézallier","CC"
"241501048","CC Cère et Rance en Châtaigneraie","CC"
"241501055","CC Sumène - Artense","CC"
"241501063","CC du Pays de Murat","CC"
"241501071","CC de la Planèze","CC"
"241501089","CC Cère et Goul en Carladès","CC"
"241501097","CC Caldaguès Aubrac","CC"
"241501139","CC du Pays de Salers","CC"
"241600253","CA du Grand Angoulême (GrandAngoulême)","CA"
"241600303","CC du Rouillacais","CC"
"241600329","CC Braconne et Charente","CC"
"241600345","CC Grand Cognac","CC"
"241600352","CC de la Boixe","CC"
"241600360","CC d'Horte et Lavalette","CC"
"241600378","CC du Pays d'Aigre","CC"
"241600394","CC de la Vallée de l'Echelle","CC"
"241600410","CC du Confolentais","CC"
"241600436","CC du Pays Manslois","CC"
"241600469","CC Charente Boëme Charraud","CC"
"241600493","CC de Grande Champagne","CC"
"241600519","CC de la Région de Châteauneuf","CC"
"241600527","CC Bandiat-Tardoire","CC"
"241600543","CC de Jarnac","CC"
"241600568","CC de Haute Charente","CC"
"241700434","CA de La Rochelle","CA"
"241700459","CC de l'Ile de Ré","CC"
"241700517","CC Charente-Arnoult-Coeur de Saintonge","CC"
"241700624","CC de l'Ile d'Oléron","CC"
"241700632","CC du Canton de Gémozac et de la Saintonge Viticole","CC"
"241700640","CA Royan Atlantique","CA"
"241700699","CC du Bassin de Marennes","CC"
"241800234","CC en Terres Vives","CC"
"241800325","CC les Villages de la Forêt","CC"
"241800341","CC les Vals de Cher et d'Arnon","CC"
"241800374","CC la Septaine","CC"
"241800424","CC le Dunois","CC"
"241800432","CC les Trois Provinces","CC"
"241800440","CC les Hautes Terres en Haut Berry","CC"
"241800457","CC Fercher Pays Florentais","CC"
"241800465","CC les Terroirs d'Angillon","CC"
"241800507","CA Bourges Plus","CA"
"241800523","CC les Terres d'Yèvre","CC"
"241800531","CC Coeur du Pays Fort","CC"
"241900133","CC de Ventadour","CC"
"241927201","CA Tulle Agglo","CA"
"241927235","CC du pays de Pompadour","CC"
"241927243","CC du Pays d'Uzerche","CC"
"241927268","CC du Doustre et du Plateau des Etangs","CC"
"241927284","CC de Bugeat-Sornac-Millevaches au Coeur","CC"
"241927292","CC du Pays d'Eygurande","CC"
"241927318","CC de Lubersac-Auvézère","CC"
"241927334","CC des Gorges de la Haute-Dordogne","CC"
"241927359","CC du Pays de Beynat","CC"
"241927367","CC du Pays d'Argentat","CC"
"241927375","CC de Vézère-Monédières","CC"
"241927383","CC du Sud Corrézien (sud co)","CC"
"241927391","CC des Villages du Midi Corrézien","CC"
"241927417","CC Ussel-Meymac, Haute-Corrèze","CC"
"241927425","CC des Monédières","CC"
"242000354","CA de Bastia","CA"
"242000495","CC de l'Alta Rocca","CC"
"242000503","CC de la Haute Vallée de la Gravona","CC"
"242010015","CC du Taravu","CC"
"242010056","CA du Pays Ajaccien","CA"
"242010072","CC de la Vallée du Prunelli","CC"
"242010098","CC de la Côte des Nacres","CC"
"242010130","CC du Sartenais Valinco","CC"
"242020071","CC du Centre Corse","CC"
"242020097","CC de la Casinca","CC"
"242020105","CC de Calvi Balagne","CC"
"242020113","CC du Bassin de Vie de l'Ile Rousse","CC"
"242020121","CC di E Cinque Piève di Balagna","CC"
"242020139","CC Aghja Nova","CC"
"242100030","CC du Pays d'Arnay","CC"
"242100154","CC des Vallées de la Tille et de l'Ignon","CC"
"242100345","CC du Sinemurien","CC"
"242100410","CA Dijonnaise (COMADI)","CA"
"242100501","CC de l'Auxois Sud","CC"
"242100519","CC Val de Norge","CC"
"242101285","CC du Canton de Bligny sur Ouche","CC"
"242101301","CC du Canton de Vitteaux","CC"
"242101335","CC du Mirebellois","CC"
"242101343","CC de Liernais","CC"
"242101350","CC du Canton de Pontailler-sur-Saône","CC"
"242101376","CC Plaine des Tilles","CC"
"242101384","CC du Canton de Selongey","CC"
"242101392","CC de la Butte de Thil","CC"
"242101426","CC du Val de Vingeanne","CC"
"242101434","CC du Pays Châtillonnais","CC"
"242101442","CC de Saulieu","CC"
"242101459","CC du Pays d'Alésia et de la Seine","CC"
"242101467","CC de Gevrey-Chambertin","CC"
"242101475","CC du Pays de Nuits Saint Georges","CC"
"242101483","CC Auxonne Val de Saône","CC"
"242101491","CC du Montbardois","CC"
"242101509","CC Rives de Saône, CC Saint Jean de Losne Seurre","CC"
"242200517","CA Saint-Brieuc Agglomération Baie d'Armor (SBABA)","CA"
"242200533","CC Lamballe Communauté","CC"
"242200566","CC Guingamp Communauté","CC"
"242200574","CC Centre Armor Puissance 4","CC"
"242200582","CC Hardouinais Mené","CC"
"242200590","CC Pontrieux Communauté","CC"
"242200608","CC du Pays de Caulnes","CC"
"242200616","CC Quintin Communauté","CC"
"242200632","CC Arguenon Hunaudaye","CC"
"242200640","CC Lanvollon Plouha","CC"
"242200665","CC du Centre-Trégor","CC"
"242200673","CC du Pays de Duguesclin","CC"
"242200699","CC du Pays de Moncontour de Bretagne","CC"
"242200715","CC du Kreiz-Breizh (CCKB)","CC"
"242200723","CC de Bourbriac","CC"
"242200764","CC Le Leff Communauté","CC"
"242200780","CC Rance-Frémur","CC"
"242200848","CC Sud-Goëlo","CC"
"242200855","CC du Pays de Belle-Isle-en-Terre","CC"
"242214294","CC Paimpol Goëlo","CC"
"242214344","CC du Pays de Matignon","CC"
"242214393","CC du Pays de Bégard","CC"
"242214427","CC Côte de Penthièvre","CC"
"242214435","CC du Mené","CC"
"242214443","CC de la Presqu'île de Lézardrieux","CC"
"242214450","CC Callac Argoat","CC"
"242300101","CC du Pays Creuse - Thaurion - Gartempe","CC"
"242300127","CC Auzances Bellegarde","CC"
"242300135","CC du Pays Sostranien","CC"
"242303139","CC du Pays de Boussac","CC"
"242320000","CC de Bénévent Grand Bourg","CC"
"242320018","CC du Carrefour des Quatre Provinces","CC"
"242320034","CC Bourganeuf Royère de Vassivière","CC"
"242320067","CC du Haut Pays Marchois","CC"
"242320075","CC des Sources de la Creuse","CC"
"242320083","CC d'Evaux les Bains - Chambon sur Voueize","CC"
"242320091","CC de Chénérailles","CC"
"242320109","CC du Pays Dunois","CC"
"242400752","CC du Pays de Jumilhac le Grand","CC"
"242400935","CC du Pays de Saint Aulaye","CC"
"242401024","CC du Pays de Lanouaille","CC"
"242401065","CC du Pays Thibérien","CC"
"242401107","CC du Pays de Villamblard","CC"
"242401222","CC du Mussidanais en Périgord","CC"
"242401255","CC des Coteaux de Sigoules","CC"
"242401289","CC Causses et Rivières en Périgord","CC"
"242500320","CC du Canton de Montbenoît","CC"
"242500338","CC du Larmont","CC"
"242500361","CA du Grand Besançon","CA"
"242500379","CC Amancey-Loue-Lison","CC"
"242500619","CC des Isles du Doubs","CC"
"242500668","CC des Premiers Sapins","CC"
"242503886","CA du Pays de Montbéliard","CA"
"242504116","CC du Val de Morteau","CC"
"242504181","CC du Pays de Pierrefontaine - Vercel","CC"
"242504207","CC du Pays d'Ornans","CC"
"242504215","CC du Mont d'Or et des Deux Lacs","CC"
"242504280","CC du Pays de Rougemont","CC"
"242504330","CC du Canton de Quingey","CC"
"242504348","CC des Hauts du Doubs","CC"
"242504355","CC du Plateau de Russey","CC"
"242504363","CC de la Vallée du Rupt","CC"
"242504371","CC du Vallon de Sancey","CC"
"242504389","CC des Trois Cantons","CC"
"242504397","CC de Saint Hippolyte","CC"
"242504421","CC du Val Saint-Vitois","CC"
"242504439","CC de Vaite Aigremont","CC"
"242504447","CC du Pays Baumois","CC"
"242504462","CC des Balcons du Lomont","CC"
"242504470","CC Entre Dessoubre et Barbeche","CC"
"242504488","CC Altitude 800","CC"
"242504496","CC du Plateau de Frasne et du Val de Drugeon (CFD)","CC"
"242600252","CC du Val de Drôme","CC"
"242600492","CC le Pays de Dieulefit","CC"
"242600534","CC du Diois","CC"
"242600542","CC du Vercors","CC"
"242600567","CC du Pays de l'Herbasse","CC"
"242600575","CC du Pays du Buis les Baronnies","CC"
"242600583","CC le Pays du Royans","CC"
"242600591","CC du Val d'Eygues","CC"
"242600641","CC des Hautes Baronnies","CC"
"242600658","CC du Pays de Rémuzat","CC"
"242700276","CC du Pays de Conches","CC"
"242700284","CC de l'Andelle","CC"
"242700292","CC du Roumois nord","CC"
"242700318","CC du Canton de Beaumesnil","CC"
"242700326","CC du Canton de Bourgtheroulde-Infreville","CC"
"242700334","CC du Pays de Damville","CC"
"242700359","CC de Quillebeuf sur Seine","CC"
"242700367","CC de Pont-Audemer","CC"
"242700375","CC du Canton de Rugles","CC"
"242700383","CC d'Amfreville la Campagne","CC"
"242700417","CC du Canton de Lyons la Forêt","CC"
"242700425","CC du Canton de Thiberville","CC"
"242700433","CC du Canton de Cormeilles","CC"
"242700441","CC du Canton d'Etrépagny","CC"
"242700466","CC du Canton de Broglie","CC"
"242700474","CC Val de Risle","CC"
"242700490","CC du Pays de Verneuil sur Avre","CC"
"242700508","CC Intercom du Pays Brionnais","CC"
"242700516","CC Epte - Vexin - Seine","CC"
"242700524","CC du Vièvre-Lieuvin","CC"
"242700557","CC Rurales du Sud de l'Eure","CC"
"242700565","CC la Porte Normande","CC"
"242700573","CA Grand Evreux Agglomération","CA"
"242700581","CC de Bernay et des Environs","CC"
"242700599","CC du Canton de Beuzeville","CC"
"242700607","CC du Pays du Neubourg","CC"
"242700615","CC du Canton de Breteuil-sur-Iton","CC"
"242700623","CC Eure-Madrie-Seine","CC"
"242700631","CC des Andelys et de ses Environs","CC"
"242700649","CA des Portes de l'Eure","CA"
"242700656","CC Gisors Epte Lévrière","CC"
"242800290","CC de la Beauce d'Orgères","CC"
"242852309","CC de l'Orée du Perche","CC"
"242852416","CC du Val Drouette","CC"
"242852424","CC des Trois Rivières","CC"
"242852432","CC des Terrasses et Vallées de Maintenon","CC"
"242852465","CC du Bonnevalais","CC"
"242852473","CC du Pays de Combray","CC"
"242852481","CC du Pays Courvillois","CC"
"242852499","CC de la Beauce Vovéenne","CC"
"242852515","CC du Perche Senonchois","CC"
"242852531","CC de la Beauce Alnéloise","CC"
"242852549","CC des Portes du Perche","CC"
"242852564","CC du Perche Gouët","CC"
"242852572","CC des Quatre Vallées","CC"
"242852580","CC des Plaines et Vallées Dunoises","CC"
"242852598","CC du Dunois","CC"
"242852606","CC du Val de Voise","CC"
"242852614","CC de la Beauce de Janville","CC"
"242852630","CC du Perche Thironnais","CC"
"242900074","CC du Pays d'Iroise","CC"
"242900314","CU Brest Métropole Océane","CU"
"242900553","CC du Pays des Abers","CC"
"242900561","CC de Haute Cornouaille","CC"
"242900629","CC Cap Sizun - Pointe du Raz","CC"
"242900637","CC du Yeun Elez","CC"
"242900645","CC Douarnenez Communauté","CC"
"242900652","CC du Pays Glazik","CC"
"242900660","CC du Pays Fouesnantais","CC"
"242900694","CC du Pays de Quimperlé","CC"
"242900702","CC du Pays Bigouden Sud","CC"
"242900710","CC du Haut Pays Bigouden","CC"
"242900728","CA Quimper Communauté","CA"
"242900736","CC de la Baie du Kernic","CC"
"242900744","CC Poher communauté","CC"
"242900751","CC du Pays de Landivisiau","CC"
"242900769","CA Concarneau Cornouaille Agglomération","CA"
"242900777","CC du Pays Léonard","CC"
"242900785","CC des Monts d'Arrée","CC"
"242900793","CC Pays de Lesneven et Côte des Légendes","CC"
"242900801","CC du Pays de Landerneau-Daoulas","CC"
"242900827","CC de la Presqu'île de Crozon","CC"
"242900835","CA Morlaix Communauté","CA"
"242913309","CC de la Région de Pleyben","CC"
"242913317","CC de l'Aulne Maritime","CC"
"242913325","CC du Pays de Châteaulin et du Porzay","CC"
"243000270","CC du Pays Viganais","CC"
"243000296","CC du Pays de Sommières","CC"
"243000452","CC Vivre en Cévennes","CC"
"243000528","CC des Hautes Cévennes","CC"
"243000536","CC de la Côte du Rhône Gardoise","CC"
"243000551","CC du Pays Grand Combien","CC"
"243000569","CC Rhony, Vistre, Vidourle","CC"
"243000585","CC Beaucaire Terre d'Argence","CC"
"243000593","CC de Petite Camargue","CC"
"243000643","CA de Nîmes Métropole","CA"
"243000650","CC Terre de Camargue","CC"
"243000684","CC du Pont du Gard","CC"
"243000742","CC Leins Gardonnenque","CC"
"243100179","CC Coteaux du Lauragais Sud (CO.LAUR.SUD)","CC"
"243100377","CC du Canton de Saint-Martory","CC"
"243100518","CU Toulouse Métropole","CU"
"243100542","CC de la Vallée de l'Ariège","CC"
"243100567","CC Lauragais Revel Sorezois","CC"
"243100609","CC des Trois Vallées","CC"
"243100633","CA du Sicoval","CA"
"243100641","CC Nebouzan-Rivière-Verdun","CC"
"243100658","CC du Volvestre","CC"
"243100682","CC de Lèze Ariège Garonne","CC"
"243100690","CA du Muretain","CA"
"243100708","CC Axe Sud","CC"
"243100716","CC de Garonne - Louge","CC"
"243100724","CC du Haut Comminges","CC"
"243100732","CC des Coteaux du Girou","CC"
"243100765","CC du Canton d'Aurignac","CC"
"243100773","CC Val'Aïgo","CC"
"243100781","CC de la Save au Touch","CC"
"243100799","CC du Saint Gaudinois","CC"
"243100815","CC des Coteaux Bellevue","CC"
"243100849","CC du Canton de Saint Béat","CC"
"243100856","CC du Canton de Cadours","CC"
"243100864","CC de Save et Garonne","CC"
"243100872","CC Rurales des Coteaux du Savès et de l'Aussonnelle","CC"
"243100880","CC Coeur Lauragais","CC"
"243100898","CC du Savès","CC"
"243200300","CC Val de Gers","CC"
"243200391","CC de la Lomagne Gersoise","CC"
"243200409","CC du Bas Armagnac","CC"
"243200417","CC de la Tenarèze","CC"
"243200425","CC Coeur d'Astarac en Gascogne","CC"
"243200458","CC du Grand Armagnac","CC"
"243200508","CC Bastides et Vallons du Gers","CC"
"243200516","CC des Hautes Vallées","CC"
"243200540","CA du Grand Auch Agglomération","CA"
"243200565","CC Coeur de Gascogne","CC"
"243200599","CC du Saves","CC"
"243200607","CC Artagnan de Fezensac","CC"
"243300316","CU de Bordeaux","CU"
"243300563","CA Bassin d'Arcachon Sud-Pôle Atlantique (COBAS)","CA"
"243300738","CC de la Pointe du Médoc","CC"
"243300811","CC de l'Estuaire - Canton de Saint Ciers sur Gironde","CC"
"243300837","CC du Centre Médoc","CC"
"243300894","CC du Canton de Bourg","CC"
"243301124","CC du Sauveterrois","CC"
"243301165","CC Jalle-Eau-Bourde","CC"
"243301173","CC du Vallon de l'Artolie","CC"
"243301181","CC du Canton de Saint Savin","CC"
"243301215","CC du Créonnais","CC"
"243301223","CC du Cubzaguais","CC"
"243301249","CC du Secteur de Saint Loubes","CC"
"243301264","CC de Montesquieu","CC"
"243301298","CC du Canton de Targon","CC"
"243301322","CC du Sud-Libournais","CC"
"243301355","CC des Coteaux Bordelais","CC"
"243301371","CC du Pays Foyen","CC"
"243301389","CC Médullienne","CC"
"243301397","CC du Canton de Fronsac","CC"
"243301405","CC du Val de l'Eyre","CC"
"243301413","CC des Lacs Médocains","CC"
"243301421","CC Coeur du Médoc","CC"
"243301439","CC des Portes de l'Entre Deux Mers","CC"
"243301447","CC Médoc Estuaire","CC"
"243301454","CC Castillon/Pujols","CC"
"243301462","CC des Coteaux Macariens","CC"
"243301470","CC des Coteaux de Garonne","CC"
"243301504","CC du Bassin d'Arcachon Nord Atlantique (COBAN ATLANTIQUE)","CC"
"243301538","CC du Canton de Podensac","CC"
"243400017","CA de Montpellier","CA"
"243400355","CC du Clermontais","CC"
"243400389","CC de la Montagne du Haut Languedoc","CC"
"243400470","CA du Pays de l'Or","CA"
"243400488","CC la Domitienne","CC"
"243400520","CC du Pays de Lunel","CC"
"243400553","CC du Pays Saint-Ponais","CC"
"243400629","CC Orb et Jaur","CC"
"243400694","CC Vallée de l'Hérault","CC"
"243400710","CC Orb et Taurou","CC"
"243400728","CC du Pays de Thongue","CC"
"243400736","CC des Cévennes Gangeoises et Suménoises","CC"
"243400751","CC du Nord du Bassin de Thau","CC"
"243400769","CA de Béziers-Méditerranée","CA"
"243400819","CA Hérault-Méditerranée","CA"
"243400827","CA du Bassin de Thau","CA"
"243500139","CA Rennes Métropole","CA"
"243500147","CC Fougères Communauté","CC"
"243500501","CC Coglais Communauté Marches de Bretagne","CC"
"243500535","CC Louvigné Communauté","CC"
"243500543","CC Antrain Communauté","CC"
"243500550","CC Montfort Communauté","CC"
"243500576","CC Baie du Mont Saint Michel - Porte de la Bretagne - Canton de Pleine Fougères","CC"
"243500592","CC du Pays de Saint Aubin du Cormier","CC"
"243500618","CC de Brocéliande","CC"
"243500634","CC au Pays de la Roche aux Fées","CC"
"243500642","CC de Moyenne Vilaine et Semnon","CC"
"243500659","CC du Pays de Châteaugiron","CC"
"243500667","CC du Val d'Ille","CC"
"243500675","CC du Pays d'Aubigné","CC"
"243500691","CC du Pays de Dol de Bretagne et de la Baie du Mont Saint Michel","CC"
"243500709","CC du Pays du Grand Fougeray","CC"
"243500725","CC Côte d'Emeraude","CC"
"243500733","CC Bretagne Romantique","CC"
"243500741","CC du Pays de Redon","CC"
"243500774","CC du Pays de Liffré","CC"
"243500782","CA du Pays de Saint Malo - Saint Malo Agglomération","CA"
"243600202","CC Chabris - Pays de Bazelle","CC"
"243600210","CC du Canton de Vatan","CC"
"243600228","CC du Pays d'Argenton sur Creuse","CC"
"243600236","CC du Pays d'Issoudun","CC"
"243600293","CC de la Région de Levroux","CC"
"243600301","CC Val de l'Indre - Brenne","CC"
"243600319","CC Brenne - Val de Creuse","CC"
"243600327","CA Castelroussine","CA"
"243600343","CC Coeur de Brenne","CC"
"243600350","CC de la Châtre et Sainte Sévère","CC"
"243600368","CC de Champagne Berrichonne","CC"
"243700432","CC de Gatine et Choisilles","CC"
"243700465","CC Loches Développement","CC"
"243700499","CC du Castelrenaudais","CC"
"243700663","CC Touraine Nord Ouest","CC"
"243700697","CC du Pays de Richelieu","CC"
"243700747","CC de l'Est Tourangeau","CC"
"243700754","CA Tours (Plus)","CA"
"243700770","CC de Montrésor","CC"
"243700788","CC du Vouvrillon","CC"
"243700796","CC du Pays d'Azay-le-Rideau","CC"
"243700804","CC du Val de l'Indre","CC"
"243700812","CC de la Touraine du Sud","CC"
"243700820","CC de Bléré Val de Cher","CC"
"243700861","CC du Pays de Bourgueil","CC"
"243700887","CC de Racan","CC"
"243700895","CC du Grand Ligueillois","CC"
"243700911","CC du Bouchardais","CC"
"243700929","CC de Sainte Maure de Touraine","CC"
"243800091","CC de la Vallée de l'Hien","CC"
"243800372","CC les Vallons de la Tour","CC"
"243800455","CA ViennAgglo","CA"
"243800604","CA Porte de l'Isère (C.A.P.I)","CA"
"243800612","CC du Pays des Couleurs","CC"
"243800745","CC de l'Oisans","CC"
"243800778","CC du Pays Roussillonnais","CC"
"243800844","CC du Territoire de Beaurepaire","CC"
"243800927","CC de la Région St Jeannaise","CC"
"243800935","CC Porte Dauphinoise de Lyon Saint-Exupéry","CC"
"243800984","CA du Pays Voironnais","CA"
"243801024","CC du Massif du Vercors (CCMV)","CC"
"243801073","CC de Bièvre Est","CC"
"243801099","CC les Balmes Dauphinoises","CC"
"243801149","CC les Vallons du Guiers","CC"
"243801198","CC du Pays de Saint Marcellin","CC"
"243801214","CC de la Bourne à l'Isère","CC"
"243801255","CC des Collines du Nord Dauphiné","CC"
"243900305","CC du Pays de Saint-Amour","CC"
"243900339","CA Espace Communautaire Lons Agglomération (ECLA)","CA"
"243900354","CC de la Station des Rousses-Haut Jura","CC"
"243900412","CC Jura Sud","CC"
"243900420","CC du Val d'Amour","CC"
"243900479","CC du Haut-Jura (ARCADE)","CC"
"243900560","CC Jura Nord","CC"
"243900610","CC la Grandvallière","CC"
"243900719","CC du Pays des Lacs","CC"
"243900768","CC du Val de Sorne","CC"
"243900917","CC des Coteaux de la Haute Seille","CC"
"243900974","CC Nord Ouest Jura","CC"
"243901014","CC, Comté de Grimont Poligny","CC"
"243901048","CC du Pays de Salins-les-Bains","CC"
"243901055","CC Arbois, Vignes et Villages - Pays de Louis Pasteur","CC"
"243901071","CC de la Région d'Orgelet","CC"
"243901089","CC de la Plaine Jurassienne","CC"
"243901105","CC du Sud Revermont","CC"
"243901113","CC du Plateau de Nozeroy","CC"
"244000543","CC de Mimizan","CC"
"244000592","CC du Tursan","CC"
"244000642","CC du Canton de Pissos","CC"
"244000659","CC du Seignanx","CC"
"244000667","CC du Pays d'Orthe","CC"
"244000675","CA du Grand Dax","CA"
"244000691","CC du Pays Morcenais","CC"
"244000709","CC Hagetmau Communes Unies","CC"
"244000717","CC du Canton de Mugron","CC"
"244000741","CC du Canton de Montfort en Chalosse","CC"
"244000758","CC du Pays d'Albret","CC"
"244000766","CC du Pays Tarusate","CC"
"244000774","CC du Pays de Villeneuve en Armagnac Landais","CC"
"244000782","CC de la Haute Lande","CC"
"244000808","CA Le Marsan Agglomération","CA"
"244000816","CC de Pouillon","CC"
"244000824","CC du Pays Grenadois","CC"
"244000832","CC du Cap de Gascogne","CC"
"244000857","CC Côte Landes Nature","CC"
"244000865","CC Maremne Adour Côte Sud","CC"
"244000873","CC des Grands Lacs","CC"
"244000881","CC Coteaux et Vallées des Luys","CC"
"244100251","CC du Pays de Vendôme","CC"
"244100269","CC du Vendômois Rural","CC"
"244100293","CC des Collines du Perche","CC"
"244100681","CC de la Beauce Ligérienne","CC"
"244100699","CC Beauce et Forêt","CC"
"244100707","CC de la Beauce Oratorienne","CC"
"244100764","CC du Cher à la Loire","CC"
"244100772","CC Beauce et Gâtine","CC"
"244100780","CC de la Sologne des Etangs","CC"
"244100798","CC du Grand Chambord","CC"
"244100806","CC de la Sologne des Rivières","CC"
"244200598","CC des Collines du Matin","CC"
"244200606","CC de Feurs en Forez","CC"
"244200614","CC des Vals d'Aix et Isable","CC"
"244200622","CC des Monts du Pilat","CC"
"244200630","CC du Pays Entre Loire et Rhône","CC"
"244200671","CC de Balbigny","CC"
"244200721","CC de Forez en Lyonnais","CC"
"244200762","CC du Pays d'Astrée","CC"
"244200770","CA Saint Etienne Métropole","CA"
"244200796","CA Loire Forez","CA"
"244200812","CC du Pays de St Galmier","CC"
"244200820","CC du Pays d'Urfé","CC"
"244200838","CC des Montagnes du Haut Forez","CC"
"244200846","CC du Pays de St Bonnet le Château","CC"
"244200895","CC du Pilat Rhodanien","CC"
"244300018","CA du Puy en Velay","CA"
"244300208","CC du Pays de Craponne","CC"
"244300216","CC de la Ribeyre, Chaliergue et Margeride","CC"
"244300224","CC du Pays de Paulhaguet","CC"
"244300232","CC du Mézenc et de la Loire Sauvage","CC"
"244300240","CC des Portes d'Auvergne","CC"
"244300265","CC de l'Emblavez","CC"
"244300299","CC Plateau de la Chaise Dieu","CC"
"244300307","CC du Pays de Montfaucon","CC"
"244300315","CC du Pays de Blesle","CC"
"244301016","CC des Sucs","CC"
"244301032","CC du Brivadois","CC"
"244301057","CC du Langeadois","CC"
"244301065","CC de Rochebaron à Chalençon","CC"
"244301073","CC du Meygal","CC"
"244301099","CC Auzon Communauté","CC"
"244301107","CC du Haut Lignon","CC"
"244301115","CC les Marches du Velay","CC"
"244301123","CC des Pays de Cayres et de Pradelles","CC"
"244301131","CC Loire et Semène","CC"
"244301149","CC du Pays de Saugues","CC"
"244400404","CU Nantes Métropole","CU"
"244400420","CC de la Région de Machecoul","CC"
"244400438","CC de Grand Lieu","CC"
"244400446","CC de la Vallée de Clisson","CC"
"244400453","CC de la Région de Blain","CC"
"244400487","CC du Castelbriantais","CC"
"244400495","CC du Secteur de Derval","CC"
"244400503","CC d'Erdre et Gesvres","CC"
"244400511","CC Loire Divatte","CC"
"244400529","CC de la Loire Atlantique Méridionale","CC"
"244400537","CC de la Région de Nozay","CC"
"244400545","CC Coeur Pays de Retz","CC"
"244400552","CC du pays d'Ancenis","CC"
"244400578","CC de Vallet","CC"
"244400586","CC du Sud Estuaire","CC"
"244400610","CA de la Presqu'île de Guérande Atlantique (CAP ATLANTIQUE)","CA"
"244400644","CA de la Région Nazairienne et de l'Estuaire (CARENE)","CA"
"244400651","CC Sèvre Maine et Goulaine","CC"
"244400677","CC de Pornic","CC"
"244400693","CC Loire et Sillon","CC"
"244400701","CC Coeur d'Estuaire","CC"
"244500195","CC de Châtillon-Coligny","CC"
"244500203","CA Montargoise et Rives du Loing (A.M.E.)","CA"
"244500211","CC Giennoises","CC"
"244500278","CC du Canton de Lorris","CC"
"244500393","CC de Beauce et du Gâtinais","CC"
"244500401","CC du Beaunois","CC"
"244500419","CC des Quatre Vallées","CC"
"244500427","CC des Loges","CC"
"244500443","CC du Canton de Briare","CC"
"244500450","CC du Val d'Ardoux","CC"
"244500468","CA Orléans Val de Loire (AgglO)","CA"
"244500476","CC du Canton de Châtillon sur Loire","CC"
"244500484","CC de la Forêt","CC"
"244500518","CC Val d'Or et Forêt","CC"
"244500526","CC du Malesherbois","CC"
"244500534","CC des Terres Puiseautines","CC"
"244500542","CC de la Plaine du Nord Loiret","CC"
"244500559","CC du Plateau Beauceron","CC"
"244500567","CC du Bellegardois","CC"
"244500583","CC Val Sol","CC"
"244600326","CC du Pays de Gramat","CC"
"244600334","CC du Pays de Padirac","CC"
"244600359","CC Cère et Dordogne","CC"
"244600367","CC du Pays de Souillac Rocamadour","CC"
"244600409","CC du Pays de Saint Céré","CC"
"244600433","CC de la Vallée du Lot et du Vignoble","CC"
"244600458","CC du Pays de Martel","CC"
"244600482","CC Quercy - Bouriane","CC"
"244600508","CC du Pays du Haut Quercy Dordogne","CC"
"244600516","CC du Haut Ségala","CC"
"244600532","CC du Pays de Lalbenque","CC"
"244600557","CC du Pays de Sousceyrac","CC"
"244600573","CC du Causse de Labastide Murat","CC"
"244700449","CC du Pays de Duras","CC"
"244700464","CC du Pays de Lauzun","CC"
"244700498","CC des Coteaux de l'Albret","CC"
"244700506","CC du Val d'Albret","CC"
"244701355","CC des Coteaux et Landes de Gascogne","CC"
"244701389","CC de Penne d'Agenais","CC"
"244701405","CC Lot et Tolzac","CC"
"244701439","CC du Canton de Prayssas","CC"
"244701462","CC du Confluent","CC"
"244701496","CC du Mézinais","CC"
"244800066","CC de la Vallée de la Jonte","CC"
"244800322","CC de la Terre de Peyre","CC"
"244800330","CC du Canton de Châteauneuf de Randon","CC"
"244800348","CC du Causse du Massegros","CC"
"244800355","CC de la Terre de Randon","CC"
"244800363","CC des Hautes Terres","CC"
"244800371","CC Cévenoles Tarnon Mimente","CC"
"244800389","CC du Valdonnez","CC"
"244800397","CC du Goulet - Mont Lozère","CC"
"244800405","CC Coeur de Lozère","CC"
"244800413","CC de Villefort","CC"
"244800421","CC de la Cévenne des Hauts-Gardons","CC"
"244800439","CC des Gorges du Tarn et des Grands Causses","CC"
"244800447","CC Margeride-Est","CC"
"244800454","CC de la Vallée Longue et du Calbertois en Cévennes","CC"
"244800470","CC du Gévaudan","CC"
"244800488","CC du Pays de Florac et du Haut Tarn","CC"
"244800496","CC des Cévennes au Mont-Lozère","CC"
"244800504","CC du Pays de Chanac","CC"
"244900015","CA Angers Loire Métropole","CA"
"244900361","CA Saumur Loire Développement","CA"
"244900577","CC de la Région de Chemillé","CC"
"244900585","CC de la Région du Lion-d'Angers","CC"
"244900593","CC du Canton de Segré","CC"
"244900643","CC Montrevault Communauté","CC"
"244900668","CC du Bocage","CC"
"244900692","CC du Centre Mauges","CC"
"244900700","CA du Choletais","CA"
"244900726","CC du Canton de Saint-Florent-le-Vieil","CC"
"244900734","CC des Coteaux du Layon","CC"
"244900742","CC du Canton de Baugé","CC"
"244900759","CC de Loir et Sarthe","CC"
"244900767","CC du Gennois","CC"
"244900775","CC de la Région de Pouancé-Combrée","CC"
"244900783","CC du Canton de Champtoceaux","CC"
"244900791","CC Loire-Longué","CC"
"244900809","CC du Canton de Candé","CC"
"244900833","CC Loire Layon","CC"
"244900841","CC du Haut Anjou","CC"
"244900858","CC Ouest Anjou","CC"
"244900866","CC de la Vallée Loire-Authion","CC"
"244900882","CC de Beaufort-en-Anjou","CC"
"244900924","CC du Loir","CC"
"244900940","CC de la Région de Noyant","CC"
"244900973","CC de la Région de Doué-la-Fontaine","CC"
"244900981","CC du Vihiersois Haut-Layon","CC"
"244900999","CC les Portes de l'Anjou","CC"
"244901013","CC Loire Aubance","CC"
"245000237","CU de Cherbourg","CU"
"245000260","CC de la Hague","CC"
"245000278","CC des Pieux","CC"
"245000302","CC du Canton de la Haye du Puits","CC"
"245000344","CC de Douve et Divette","CC"
"245000377","CC de la Saire","CC"
"245000427","CC du Canton de Lessay","CC"
"245000443","CC du Canton de Montmartin sur Mer","CC"
"245000450","CC de Saint Hilaire du Harcouët","CC"
"245000468","CC du Canton de Saint James","CC"
"245000476","CC du Canton de Saint Malo de la Lande","CC"
"245000542","CC du Canton de Saint Pierre Eglise","CC"
"245000575","CC du Val de Saire","CC"
"245000617","CC de Canisy","CC"
"245000682","CC de Seves et Taute","CC"
"245000690","CC de la Région de Montebourg","CC"
"245000716","CC de la Vallée de l'Ouve","CC"
"245000807","CC de la Côte des Isles","CC"
"245100037","CC Epernay Pays de Champagne","CC"
"245100052","CC Champagne Vesle","CC"
"245100508","CC de la Brie des Etangs","CC"
"245100516","CC du Pays d'Anglure","CC"
"245100565","CC des Coteaux Sézannais","CC"
"245100581","CC Saulx et Bruxenelle","CC"
"245100615","CC de la Grande Vallée de la Marne","CC"
"245100631","CC de la Région de Mourmelon","CC"
"245100797","CC des Portes de Champagne","CC"
"245100813","CC de la Région de Vertus","CC"
"245100854","CC des Deux Vallées","CC"
"245100870","CC des Coteaux de la Marne","CC"
"245100888","CC de la Brie Champenoise","CC"
"245100979","CC du Sud Marnais","CC"
"245101035","CC de la Vallée de la Suippe","CC"
"245101043","CC Beine-Bourgogne","CC"
"245101050","CC des Rives de la Suippe","CC"
"245200373","CC de la Vallée de la Marne","CC"
"245200381","CC du Pays de Chalindrey","CC"
"245200415","CC du Pays du Der","CC"
"245200456","CA Agglomération de Chaumont","CA"
"245200480","CC de la Vallée du Rognon","CC"
"245200514","CC du Bassigny","CC"
"245200548","CC de la Région de Bourbonne les Bains","CC"
"245200555","CC du Bassin de Bologne Vignory et Froncles","CC"
"245200563","CC du Bassin Nogentais","CC"
"245200597","CC des Trois Forêts","CC"
"245300223","CC du Pays de Meslay-Grez","CC"
"245300306","CC du Pays de Loiron","CC"
"245300330","CA de Laval","CA"
"245300348","CC de le Horps","CC"
"245300355","CC de l'Ernée","CC"
"245300363","CC de la Région de Cossé-le-Vivien","CC"
"245300371","CC du Pays de Mayenne","CC"
"245300389","CC du Bocage Mayennais","CC"
"245300405","CC du Pays du Craonnais","CC"
"245300439","CC de St Aignan -Renazé","CC"
"245300447","CC du Pays de Château-Gontier","CC"
"245400171","CC Moselle et Madon","CC"
"245400189","CC des Pays du Sel et du Vermois","CC"
"245400262","CC de l'Agglomération de Longwy","CC"
"245400379","CC du Bassin de Landres","CC"
"245400437","CC du Pays de Briey","CC"
"245400510","CC du Pays de Colombey et du Sud Toulois","CC"
"245400601","CC du Bassin de Pompey","CC"
"245400676","CU du Grand Nancy","CU"
"245400700","CC du Lunévillois","CC"
"245400718","CC de la Vezouze","CC"
"245400759","CC du Pays du Sanon","CC"
"245400775","CC de Seille et Mauchère","CC"
"245400791","CC du Pays de l'Orne","CC"
"245400817","CC du Jarnisy","CC"
"245400825","CC du Pays Audunois","CC"
"245400866","CC du Grand Couronné","CC"
"245400916","CC de la Mortagne","CC"
"245400924","CC du Val de Meurthe","CC"
"245400932","CC du Bayonnais","CC"
"245500327","CC du Sammiellois","CC"
"245500459","CC du Centre Argonne","CC"
"245500806","CC Meuse-Voie Sacrée","CC"
"245501101","CC du Pays de Spincourt","CC"
"245501168","CC de la Région de Damvillers","CC"
"245501176","CC du Canton de Fresnes en Woëvre","CC"
"245501184","CC de Revigny sur Ornain","CC"
"245501192","CC du Pays de Commercy","CC"
"245501226","CC de la Saulx et du Perthois","CC"
"245501234","CC de la Haute Saulx","CC"
"245501242","CC du Pays d'Etain","CC"
"245501259","CC du Pays de Montmédy","CC"
"245501267","CC du Pays de Stenay","CC"
"245501309","CC Entre Aire et Meuse","CC"
"245501317","CC de Triaucourt - Vaubécourt","CC"
"245501341","CC du Val des Couleurs","CC"
"245501366","CC du Val Dunois","CC"
"245501374","CC de Montfaucon - Varennes en Argonne","CC"
"245501390","CC de Verdun","CC"
"245501432","CC de Charny sur Meuse","CC"
"245501457","CC du Val d'Ornois","CC"
"245501465","CC de Void","CC"
"245501481","CC du Val de Meuse et de la Vallée de la Dieue","CC"
"245600143","CC Saint Jean Communauté","CC"
"245600150","CC du Pays de la Gacilly","CC"
"245600366","CA Vannes agglo","CA"
"245600416","CC du Val d'Oust et de Lanvaux","CC"
"245600424","CC de Mauron en Brocéliande","CC"
"245600432","CC du Pays de Guer","CC"
"245600440","CC de Blavet Bellevue Océan","CC"
"245600465","CC de Belle Ile en Mer","CC"
"245600515","CC Baud Communauté","CC"
"245614292","CC Locminé Communauté","CC"
"245614342","CC Ploërmel Communauté","CC"
"245614367","CC Josselin Communauté","CC"
"245614383","CC du Pays de Questembert","CC"
"245614391","CC du Loch","CC"
"245614417","CC Roi Morvan Communauté","CC"
"245614425","CC du Porhoët","CC"
"245614433","CC Pontivy Communauté","CC"
"245700133","CC du District Urbain de Faulquemont (DUF)","CC"
"245700216","CA Sarreguemines Confluences","CA"
"245700372","CA de Forbach Porte de France","CA"
"245700398","CC de Freyming-Merlebach","CC"
"245700695","CC de Cattenom et Environs","CC"
"245700919","CC de Rohrbach lès Bitche","CC"
"245700950","CC du Pays de Phalsbourg","CC"
"245701164","CC du Warndt","CC"
"245701172","CC du Centre Mosellan","CC"
"245701198","CC de la Vallée de la Bièvre","CC"
"245701206","CC du Saulnois","CC"
"245701222","CA du Val de Fensch","CA"
"245701230","CC des Deux Sarres","CC"
"245701248","CC de l'Etang du Stock","CC"
"245701271","CC du Pays Orne Moselle","CC"
"245701289","CC du Haut Chemin","CC"
"245701297","CC de l'Albe et des Lacs","CC"
"245701305","CC du Pays des Etangs","CC"
"245701347","CC des Trois Frontières","CC"
"245701354","CC de l'Arc Mosellan","CC"
"245701362","CA Portes de France-Thionville","CA"
"245701370","CC du Val de Moselle","CC"
"245701388","CC du Pays Naborien","CC"
"245701404","CC du Pays Haut Val d'Alzette","CC"
"245701412","CC du Bouzonvillois","CC"
"245701420","CC de la Houve","CC"
"245801014","CC des Vaux d'Yonne","CC"
"245801063","CC Loire et Allier","CC"
"245801113","CC du Haut Morvan","CC"
"245804372","CC la Fleur du Nivernais","CC"
"245804380","CC les Portes du Morvan","CC"
"245804406","CA de Nevers","CA"
"245804414","CC du Bazois","CC"
"245804422","CC Fil de Loire","CC"
"245804430","CC des Amognes","CC"
"245804448","CC du Val du Sauzay","CC"
"245804463","CC Loire et Nohain","CC"
"245804471","CC en Donziais","CC"
"245804489","CC Entre Loire et Morvan","CC"
"245804497","CC du Nivernais Bourbonnais","CC"
"245804505","CC Entre Nièvres et Forêts","CC"
"245804513","CC Coeur du Nivernais","CC"
"245804521","CC Loire et Vignoble","CC"
"245804539","CC du Val du Beuvron","CC"
"245804547","CC le Bon Pays","CC"
"245804554","CC des Portes Sud du Morvan","CC"
"245804562","CC du Pays Charitois","CC"
"245804570","CC du Pays Corbigeois","CC"
"245804588","CC des Bertranges à la Nièvre","CC"
"245804596","CC du Sud Nivernais","CC"
"245804612","CC des Grands Lacs du Morvan","CC"
"245804620","CC Entre Loire et Forêt","CC"
"245900410","CU Lille Métropole","CU"
"245900428","CU de Dunkerque","CU"
"245900741","CC de la Vacquerie","CC"
"245900758","CC Flandre Lys","CC"
"245900816","CC des Weppes","CC"
"245901038","CC du Pays Solesmois","CC"
"245901061","CC de la Haute Deûle","CC"
"245901152","CC Coeur d'Ostrevent [C.C.C.O.]","CC"
"245901160","CA Valenciennes Métropole","CA"
"246000111","CA Creilloise","CA"
"246000129","CC du Liancourtois","CC"
"246000376","CC du Clermontois","CC"
"246000566","CC du Plateau Picard","CC"
"246000582","CC des Sablons","CC"
"246000608","CC des Vallées de la Brèche et de la Noye","CC"
"246000699","CC de Crèvecoeur le Grand Pays Picard A16 Haute Vallée de la Celle","CC"
"246000707","CC du Vexin-Thelle","CC"
"246000749","CC du Canton d'Attichy","CC"
"246000756","CC du Pays Noyonnais","CC"
"246000764","CC de l'Aire Cantilienne","CC"
"246000772","CC des Deux Vallées","CC"
"246000830","CA du Beauvaisis","CA"
"246000848","CC de la Picardie Verte","CC"
"246000855","CC du Pays des Sources","CC"
"246000863","CC du Pays de Thelle","CC"
"246000871","CC du Pays de Valois","CC"
"246000897","CC de la Plaine d'Estrées","CC"
"246000913","CC du Pays de Bray","CC"
"246000921","CC des Pays d'Oise et d'Halatte","CC"
"246000939","CC Rurales du Beauvaisis","CC"
"246000947","CC de la Basse Automne","CC"
"246001010","CA de la Région de Compiègne","CA"
"246001143","CC Pierre-Sud-Oise","CC"
"246001150","CC la Ruraloise","CC"
"246100317","CC du Perche Sud","CC"
"246100333","CC du Domfrontais","CC"
"246100341","CC du Bocage de Passais la Conception","CC"
"246100390","CC du Val d'Orne","CC"
"246100408","CC du Bocage d'Athis de l'Orne","CC"
"246100440","CC du Pays de Longny au Perche","CC"
"246100465","CC du Pays Fertois","CC"
"246100499","CC du Val d'Huisne","CC"
"246100572","CC de la Région de Gacé","CC"
"246100580","CC du Haut Perche","CC"
"246100598","CC du Canton de la Ferté Fresnel","CC"
"246100630","CC du Pays d'Andaine","CC"
"246100648","CC du Perche Rémalardais","CC"
"246100655","CC du Bocage Carrougien","CC"
"246100663","CU d'Alençon","CU"
"246100671","CC du Pays du Haras du Pin","CC"
"246100739","CC du Pays de Briouze","CC"
"246100770","CC du Pays Bellêmois","CC"
"246100788","CC du Pays de Camembert","CC"
"246200018","CC du Pays d'Aire","CC"
"246200117","CC Opale Sud","CC"
"246200299","CA d'Hénin-Carvin","CA"
"246200364","CA de Lens - Liévin","CA"
"246200380","CC de la Terre des Deux Caps","CC"
"246200406","CC du Montreuillois","CC"
"246200455","CA de Saint Omer","CA"
"246200729","CA du Boulonnais","CA"
"246200802","CC Artois Lys","CC"
"246200844","CC de la Région d'Audruicq","CC"
"246200851","CC du Canton de Fauquembergues","CC"
"246200869","CC du Pernois","CC"
"246200877","CC de la Morinie","CC"
"246200919","CC du Canton de Fruges","CC"
"246200976","CC du Sud Ouest du Calaisis","CC"
"246200984","CC des Trois Pays","CC"
"246200992","CC du Canton d'Hucqueliers et Environs","CC"
"246201016","CC du Pays de Lumbres","CC"
"246201057","CC de l'Atrébatie","CC"
"246201065","CC de la Région de Frévent","CC"
"246201073","CC de l'Auxilois","CC"
"246201115","CC Mer et Terres d'Opale","CC"
"246201149","CA du Calaisis","CA"
"246201156","CC Artois Flandres","CC"
"246300651","CC du Pays d'Arlanc","CC"
"246300669","CC de la Montagne Thiernoise","CC"
"246300677","CC Sancy Artense Communauté","CC"
"246300685","CC du Pays de Menat","CC"
"246300693","CC Limagne d'Ennezat","CC"
"246300701","CA Clermont Communauté","CA"
"246300735","CC du Pays de Cunlhat","CC"
"246300776","CC des Puys et Couzes","CC"
"246300784","CC des Coteaux de l'Allier","CC"
"246300800","CC des Côtes de Combrailles","CC"
"246300818","CC du Pays d'Olliergues","CC"
"246300834","CC Manzat Communauté","CC"
"246300842","CC Couze Val d'Allier","CC"
"246300883","CC du Lembron Val d'Allier","CC"
"246300909","CC de Rochefort-Montagne","CC"
"246300917","CC Coeur de Combrailles","CC"
"246300925","CC de Haute Combraille","CC"
"246300933","CC Gergovie Val d'Allier Communauté","CC"
"246300941","CC de Livradois Porte d'Auvergne","CC"
"246300958","CC de Pionsat","CC"
"246300966","CC du Massif du Sancy","CC"
"246300974","CC du Haut Livradois","CC"
"246300982","CC des Cheires","CC"
"246300990","CC Ardes Communauté","CC"
"246301006","CC de Nord Limagne","CC"
"246301014","CC du Pays de Courpière","CC"
"246301022","CC de la Vallée de l'Ance","CC"
"246301030","CC Limagne - Bords d'Allier","CC"
"246301048","CC du Pays de Sauxillanges","CC"
"246301055","CC Riom Communauté","CC"
"246301063","CC Thiers Communauté","CC"
"246301071","CC de Sioulet Chavanon","CC"
"246301097","CC Entre Dore et Allier","CC"
"246301105","CC du Pays d'Ambert","CC"
"246301113","CC de Mur ès Allier","CC"
"246301121","CC des Coteaux de Randan","CC"
"246301139","CC du Bassin Minier Montagne","CC"
"246301154","CC Allier Comté Communauté","CC"
"246301162","CC Volvic Sources et Volcans","CC"
"246301170","CC Issoire Communauté","CC"
"246400014","CC du Canton de Garlin","CC"
"246400030","CA Agglomération Côte Basque Adour","CA"
"246400337","CC de la Vallée d'Ossau","CC"
"246401459","CC de la Vallée de Barétous","CC"
"246401517","CC du Pays de Morlaàs","CC"
"246401525","CC Gave et Coteaux","CC"
"246401533","CC du Josbaig","CC"
"246401541","CC de Bidache","CC"
"246401574","CC du Canton d'Arzacq","CC"
"246401590","CC du Canton de Navarrenx","CC"
"246401616","CC d'Amikuze","CC"
"246401624","CC de la Vallée d'Aspe","CC"
"246401632","CC du Canton de Lembeye en Vic-Bilh","CC"
"246401657","CC du Pays d'Hasparren (HazparneKo Lurraldea)","CC"
"246401665","CC de Salies-de-Béarn","CC"
"246401699","CC de Sauveterre-de-Béarn","CC"
"246401715","CC du Miey de Béarn","CC"
"246401723","CA Pau-Pyrénées","CA"
"246401756","CC Pays de Nay","CC"
"246401764","CC de Soule-Xiberoa","CC"
"246401798","CC Ousse-Gabas","CC"
"246401814","CC du Piémont Oloronais","CC"
"246401822","CC de Garazi-Baigorri","CC"
"246401855","CC Nive-Adour","CC"
"246401863","CC d'Iholdi-Ostibarre","CC"
"246500052","CC de la Vallée du Louron","CC"
"246500201","CC du Val d'Azun","CC"
"246500359","CC de Batsurguère","CC"
"246500375","CC Vic-Montaner","CC"
"246500482","CC de la Haute-Bigorre","CC"
"246500490","CC du Canton d'Ossun","CC"
"246500508","CC Neste Baronnies","CC"
"246500565","CA du Grand Tarbes","CA"
"246500573","CC des Véziaux d'Aure","CC"
"246500599","CC Adour-Rustan-Arros","CC"
"246500631","CC de la Vallée d'Argelès-Gazost","CC"
"246500656","CC de la Vallée de Saint-Savin","CC"
"246500714","CC Gavarnie-Gèdre","CC"
"246500789","CC d'Aure","CC"
"246500805","CC de la Haute Vallée d'Aure","CC"
"246500821","CC du Magnoac","CC"
"246500839","CC Gespe-Adour-Alaric","CC"
"246600282","CC Sud-Roussillon","CC"
"246600373","CC du Vallespir","CC"
"246600399","CC Pyrénées Cerdagne","CC"
"246600407","CC Salanque Méditerranée","CC"
"246600415","CC Roussillon-Conflent","CC"
"246600423","CC Agly Fenouillèdes","CC"
"246600431","CC Vinça-Canigou","CC"
"246600449","CC des Aspres","CC"
"246600464","CC Capcir Haut Conflent","CC"
"246600548","CC du Haut Vallespir","CC"
"246700306","CC de la Vallée de la Bruche","CC"
"246700488","CU de Strasbourg","CU"
"246700694","CC des Coteaux de la Mossig","CC"
"246700702","CC du Pays de Hanau","CC"
"246700736","CC du Val de Moder","CC"
"246700744","CC du Canton de Rosheim","CC"
"246700777","CC du Canton de Villé","CC"
"246700793","CC du Pays de la Petite Pierre","CC"
"246700843","CC de la Basse-Zorn","CC"
"246700892","CC de Benfeld et Environs","CC"
"246700926","CC du Pays de Wissembourg","CC"
"246700942","CC de l'Alsace Bossue","CC"
"246700959","CC du Pays de la Zorn","CC"
"246700967","CC de Sélestat","CC"
"246700983","CC du Pays d'Erstein","CC"
"246701031","CC de la Région de Brumath","CC"
"246701064","CC de la Région de Molsheim-Mutzig","CC"
"246701072","CC de la Région de Saverne","CC"
"246701080","CC du Pays de Sainte-Odile","CC"
"246701098","CC du Pays de Niederbronn-les-Bains","CC"
"246701114","CC du Pays de Sarre Union","CC"
"246701189","CC de Bischwiller et Environs","CC"
"246701197","CC les Châteaux","CC"
"246701239","CC du Rhin","CC"
"246800015","CC Essor du Rhin","CC"
"246800098","CC du Pays de Brisach","CC"
"246800189","CC du Secteur d'Illfurth","CC"
"246800197","CC d'Altkirch","CC"
"246800205","CC de la Vallée de Saint-Amarin","CC"
"246800247","CC des Trois Frontières","CC"
"246800361","CC de la Vallée de Hundsbach","CC"
"246800395","CC du Val d'Argent","CC"
"246800411","CC de la Largue","CC"
"246800437","CC Ill et Gersbach","CC"
"246800445","CC du Centre du Haut-Rhin","CC"
"246800460","CC La Porte d'Alsace CC de la Région de Dannemarie","CC"
"246800494","CC du Pays de Rouffach, Vignobles et Châteaux","CC"
"246800551","CC de la Vallée de Kaysersberg","CC"
"246800569","CC de la Région de Guebwiller","CC"
"246800577","CC du Pays de Ribeauvillé","CC"
"246800585","CC de la Vallée de Munster","CC"
"246800593","CC du Pays du Ried Brun","CC"
"246800643","CC du Jura Alsacien (CCJA)","CC"
"246800650","CC de la Porte du Sundgau","CC"
"246800676","CC de la Vallée de la Doller et du Soultzbach","CC"
"246800684","CC du Pays de Sierentz","CC"
"246800700","CC Porte de France-Rhin Sud","CC"
"246800726","CA de Colmar","CA"
"246900245","CU de Lyon (Grand Lyon)","CU"
"246900575","CC de l'Est Lyonnais (CCEL)","CC"
"246900625","CC du Pays de l'Arbresle (CCPA)","CC"
"246900633","CC de la Région de Condrieu","CC"
"246900682","CC du Haut Beaujolais","CC"
"246900690","CC Chamousset en Lyonnais","CC"
"246900724","CC des Vallons du Lyonnais (CCVL)","CC"
"246900740","CC du Pays Mornantais (COPAMO)","CC"
"246900757","CC de la Vallée du Garon (CCVG)","CC"
"246900765","CC du pays de l'Ozon","CC"
"246900773","CC des Hauts du Lyonnais (CCHL)","CC"
"247000011","CA de Vesoul","CA"
"247000367","CC des Combes","CC"
"247000623","CC des Quatre Rivières","CC"
"247000664","CC du Pays de Lure","CC"
"247000698","CC des Monts de Gy","CC"
"247000706","CC du Pays Riolais","CC"
"247000714","CC du Pays de Villersexel","CC"
"247000722","CC du Pays d'Héricourt","CC"
"247000755","CC du Pays de Luxeuil","CC"
"247000813","CC du Val de Pesmes","CC"
"247000821","CC Rahin et Cherimont","CC"
"247000839","CC des Mille Etangs","CC"
"247000854","CC de la Haute Vallée de l'Ognon","CC"
"247100290","CU Le Creusot Montceau-lès-Mines","CU"
"247100480","CC du Canton de Cuiseaux","CC"
"247100498","CC du Canton de Chauffailles","CC"
"247100506","CC de Matour et sa Région","CC"
"247100589","CA Chalon - Val de Bourgogne","CA"
"247100605","CC Mâconnais - Val de Saône","CC"
"247100639","CC du Canton de Marcigny","CC"
"247100647","CC du Canton de Pierre de Bresse","CC"
"247100746","CC du Maconnais-Beaujolais","CC"
"247100860","CC du Mâconnais Charolais","CC"
"247103765","CC Entre Saône et Grosne","CC"
"247103864","CC du Canton de Semur en Brionnais","CC"
"247103922","CC de Paray le Monial","CC"
"247103948","CC du Pays Clayettois","CC"
"247103989","CC de Beuvray - Val d'Arroux","CC"
"247104052","CC du Pays de Gueugnon","CC"
"247104078","CC de Digoin Val de Loire","CC"
"247104094","CC  Sud Côte Chalonnaise","CC"
"247104136","CC du Tournugeois","CC"
"247104169","CC des Portes de la Bresse","CC"
"247104193","CA du Mâconnais-Val de Saône","CA"
"247200090","CC de Sablé-sur-Sarthe","CC"
"247200132","CU Le Mans Métropole","CU"
"247200157","CC de Lucé","CC"
"247200348","CC du Pays Fléchois","CC"
"247200397","CC du Bassin Ludois","CC"
"247200405","CC des Portes du Maine","CC"
"247200413","CC du Pays des Brières et du Gesnois","CC"
"247200421","CC du Sud Est du Pays Manceau","CC"
"247200447","CC Orée de Bercé - Belinois","CC"
"247200462","CC du Pays de Sillé","CC"
"247200470","CC du Canton de Pontvallain","CC"
"247200496","CC du Pays Calaisien","CC"
"247200512","CC du Val du Loir","CC"
"247200520","CC Maine 301","CC"
"247200538","CC du Pays Bilurien","CC"
"247200546","CC des Alpes Mancelles","CC"
"247200579","CC de la Champagne Conlinoise","CC"
"247200587","CC du Saosnois","CC"
"247200595","CC du Pays Belmontais","CC"
"247200629","CC du Val de Sarthe","CC"
"247200637","CC de Loir et Bercé","CC"
"247200645","CC du Massif de Perseigne","CC"
"247200652","CC Aune et Loir","CC"
"247200678","CC des Portes du Maine Normand","CC"
"247200686","CC du Pays de l'Huisne Sarthoise","CC"
"247200694","CC du Pays Marollais","CC"
"247200702","CC du Val de Braye","CC"
"247200728","CC du Bocage Cénoman","CC"
"247200736","CC des Rives de Sarthe","CC"
"247300015","CC des Vallées d'Aigueblanche","CC"
"247300049","CA du Lac du Bourget","CA"
"247300098","CA Chambéry Métropole","CA"
"247300148","CC de Haute Maurienne Vanoise","CC"
"247300254","CC Maison de l'Intercommunalité de Haute Tarentaise","CC"
"247300262","CC de Yenne","CC"
"247300338","CC de Chautagne","CC"
"247300346","CC Coeur de Maurienne","CC"
"247300353","CC de la Norma","CC"
"247300361","CC de la Vallée du Glandon","CC"
"247300452","CC Maurienne Galibier","CC"
"247300528","CC Val Guiers","CC"
"247300569","CC du Coeur des Bauges","CC"
"247300593","CC du Canton d'Albens","CC"
"247300668","CC du Lac d'Aiguebelette (CCLA)","CC"
"247300676","CC Porte de Maurienne","CC"
"247300718","CC de l'Arvan","CC"
"247300759","CC Confluences","CC"
"247300767","CC de la Région d'Albertville (CO.RAL)","CC"
"247300791","CC de la Haute Combe de Savoie","CC"
"247300817","CC Les Versants d'Aime","CC"
"247400047","CC de la Vallée Verte","CC"
"247400070","CC de la Semine","CC"
"247400112","CC du Pays de Cruseilles","CC"
"247400427","CA d'Annecy","CA"
"247400567","CC Fier et Usses","CC"
"247400575","CC du Pays d'Alby","CC"
"247400583","CC Arve et Salève","CC"
"247400617","CC des Vallées de Thônes","CC"
"247400658","CC du Pays de Fillière","CC"
"247400666","CC des Quatre Rivières","CC"
"247400682","CC du Haut-Chablais","CC"
"247400690","CC du Genevois","CC"
"247400724","CC du Pays Rochois","CC"
"247400732","CC de la Rive Gauche du Lac d'Annecy","CC"
"247400740","CC du Canton de Rumilly","CC"
"247400773","CC du Pays de Faverges","CC"
"247400781","CC de la Tournette","CC"
"247400823","CC du Pays de Seyssel","CC"
"247400831","CC du Bas-Chablais","CC"
"247400849","CC des Collines du Léman","CC"
"247400856","CC du Val des Usses","CC"
"247400864","CC du Pays d'Evian","CC"
"247600216","CC de Blangy-sur-Bresle","CC"
"247600331","CC de Fécamp","CC"
"247600380","CC de la Côte d'Albâtre","CC"
"247600398","CC du Petit Caux","CC"
"247600448","CC Saint-Saëns - Porte de Bray","CC"
"247600455","CC du Moulin d'Ecalles","CC"
"247600463","CC du Plateau de Martainville","CC"
"247600497","CC du Canton de Criquetot-l'Esneval","CC"
"247600505","CC Campagne-de-Caux","CC"
"247600513","CC du Pays Neufchâtelois","CC"
"247600539","CC Caux Estuaire","CC"
"247600562","CC Coeur de Caux","CC"
"247600570","CC du Canton de Valmont","CC"
"247600588","CC Bresle Maritime","CC"
"247600596","CA Havraise (CO.D.A.H.)","CA"
"247600604","CC de Londinières","CC"
"247600620","CC de la Région d'Yvetot","CC"
"247600638","CC Plateau de Caux - Fleur de Lin","CC"
"247600646","CC Caux - Austreberthe","CC"
"247600653","CC du Plateau Vert","CC"
"247600661","CC du Canton de Forges-les-Eaux","CC"
"247600679","CC des Trois Rivières","CC"
"247600687","CC du Canton d'Aumale","CC"
"247600695","CC du Canton de Gournay-en-Bray","CC"
"247600703","CC Varenne-et-Scie","CC"
"247600711","CC du Bosc d'Eawy","CC"
"247600729","CC des Monts-et-Vallées","CC"
"247600737","CC Entre Mer et Lin","CC"
"247600745","CC Saâne-et-Vienne","CC"
"247600760","CC des Portes Nord-Ouest de Rouen","CC"
"247600778","CC d'Yerville - Plateau de Caux","CC"
"247600786","CA de la Région Dieppoise","CA"
"247600794","CC des Monts-et-de-l'Andelle","CC"
"247600802","CC Yères-et-Plateaux","CC"
"247700024","CC du Pays Fertois","CC"
"247700032","CC Moret Seine et Loing","CC"
"247700040","CC Vallées et Châteaux","CC"
"247700057","CA Melun Val de Seine","CA"
"247700065","CC du Pays de l'Ourcq","CC"
"247700107","CC Deux Fleuves","CC"
"247700115","CC Seine Ecole","CC"
"247700123","CC du Pays de Fontainebleau","CC"
"247700339","SAN Val d'Europe","SAN"
"247700370","SAN Sénart Ville Nouvelle","SAN"
"247700404","CC Monts de la Goële","CC"
"247700438","CC Pays Créçois","CC"
"247700479","CC du Bocage Gâtinais","CC"
"247700487","CC Brie Boisée","CC"
"247700495","CC Val Bréon","CC"
"247700529","CC la Brie des Moulins","CC"
"247700586","CC Pays de Bière","CC"
"247700594","CA Marne et Gondoire","CA"
"247700602","CC Entre Seine et forêt","CC"
"247700610","CC Pays de Seine","CC"
"247700628","CA Pays de Meaux","CA"
"247700644","CC l'Orée de la Brie","CC"
"247700651","CC les Sources de l'Yerres","CC"
"247700677","CA Marne et Chantereine","CA"
"247700685","CC des Gués de l'Yerres","CC"
"247700693","CC la Brie Centrale","CC"
"247700701","CC Brie Nangissienne","CC"
"247700719","CC de l'Yerres à l'Ancoeur","CC"
"247800014","CA de Mantes en Yvelines","CA"
"247800451","CA de Saint Quentin en Yvelines","CA"
"247800527","CC des Portes de l'Ile de France (CCPIF)","CC"
"247800550","CC du Pays Houdanais (C.C.P.H.)","CC"
"247800584","CA Versailles Grand Parc (C.A.V.G.P.)","CA"
"247800592","CC Contrée d'Ablis-Porte d'Yvelines (CAPY)","CC"
"247800600","CC Plaines et Forêts d'Yveline (PFY)","CC"
"247800618","CC Coeur d'Yvelines","CC"
"247800626","CC Seine Mauldre (CCSM)","CC"
"247800634","CC des Etangs (CCE)","CC"
"247800659","CC de la Boucle de la Seine","CC"
"247900475","CC de Celles sur Belle","CC"
"247900509","CC du Val d'Egray","CC"
"247900558","CC du Coeur du Poitou","CC"
"247900608","CC du Pays Sud Gâtine","CC"
"247900681","CC du Val de Boutonne","CC"
"247900798","CC du Thouarsais","CC"
"248000341","CC du Pays Hamois","CC"
"248000358","CC du Pays Neslois","CC"
"248000416","CC du Doullennais","CC"
"248000432","CC Avre Luce Moreuil (CCALM)","CC"
"248000457","CC du Val de Nièvre et Environs","CC"
"248000473","CC du Vimeu Vert","CC"
"248000481","CC de l'Ouest d'Amiens","CC"
"248000499","CC du Val de Somme","CC"
"248000507","CC du Santerre","CC"
"248000523","CC du Val de Noye","CC"
"248000531","CA Amiens Métropole","CA"
"248000549","CC de Haute Picardie","CC"
"248000556","CC de l'Abbevillois","CC"
"248000580","CC de la Région d'Oisemont","CC"
"248000614","CC de la Région d'Hallencourt","CC"
"248000622","CC du Canton de Nouvion","CC"
"248000630","CC du Vimeu Industriel","CC"
"248000648","CC du Canton de Conty","CC"
"248000663","CC de la Baie de Somme Sud","CC"
"248000689","CC du Bernavillois","CC"
"248000697","CC Bocage Hallue","CC"
"248000705","CC du Haut Clocher","CC"
"248000739","CC du Canton de Montdidier","CC"
"248000747","CC du Pays du Coquelicot","CC"
"248000762","CC du Sud Ouest Amiénois","CC"
"248100158","CC du Sor et de l'Agout","CC"
"248100380","CC Tarn et Dadou","CC"
"248100430","CA de Castres Mazamet","CA"
"248100471","CC du Rabastinois","CC"
"248100497","CC Val 81","CC"
"248100638","CC des Vals et Plateaux des Monts de Lacaune","CC"
"248100661","CC des Monts de Lacaune","CC"
"248100711","CC Sidobre Val d'Agoût","CC"
"248100737","CA de l'Albigeois (C2A)","CA"
"248100745","CC Haute Vallée du Thoré","CC"
"248200016","CC des Deux Rives","CC"
"248200040","CC du Quercy Vert","CC"
"248200057","CC du Quercy Caussadais","CC"
"248200065","CC de la Lomagne Tarn-et-Garonnaise","CC"
"248200099","CA Grand Montauban","CA"
"248200107","CC du Quercy Rouergue et des Gorges de l'Aveyron","CC"
"248200115","CC du Sud-Quercy de Lafrançaise","CC"
"248200164","CC Castelsarrasin/Moissac","CC"
"248200172","CC du Terroir Grisolles/Villebrumier","CC"
"248200180","CC Garonne et Canal","CC"
"248200198","CC Terrasses et Vallée de l'Aveyron","CC"
"248200206","CC du Pays de Garonne et de Gascogne","CC"
"248300394","CC du Sud Sainte Baume","CC"
"248300410","CC de la Vallée du Gapeau","CC"
"248300493","CA Dracénoise","CA"
"248300501","CC du Val d'Issole","CC"
"248300527","CC Comté de Provence","CC"
"248300535","CC Sainte Baume - Mont Aurélien","CC"
"248300543","CA Toulon Provence Méditerranée","CA"
"248300550","CC Coeur du Var","CC"
"248300584","CC Artuby Verdon","CC"
"248400053","CA Ventoux-Comtat-Venaissin (COVE)","CA"
"248400160","CC Aygues-Ouvèze en Provence (CCAOP)","CC"
"248400236","CC des Pays de Rhône et Ouvèze","CC"
"248400251","CA du Grand Avignon (COGA)","CA"
"248400285","CC Territoriale Sud-Luberon","CC"
"248400293","CC des Sorgues du Comtat","CC"
"248400319","CC du Pays des Sorgues et des Monts de Vaucluse","CC"
"248400327","CC des Portes du Luberon","CC"
"248400335","CC Pays Vaison Ventoux (COPAVO)","CC"
"248500035","CC Terres de Montaigu","CC"
"248500092","CC du Pays de Fontenay-le-Comte","CC"
"248500191","CC de l'Ile de Noirmoutier","CC"
"248500233","CC du Talmondais","CC"
"248500258","CC Océan Marais de Monts","CC"
"248500340","CC Pays de Chantonnay","CC"
"248500415","CC du Pays de la Châtaigneraie","CC"
"248500456","CC du Pays de Palluau","CC"
"248500464","CC du Pays de Pouzauges","CC"
"248500472","CC du Canton de Saint Fulgent","CC"
"248500480","CC des Isles du Marais Poitevin","CC"
"248500506","CC de Vie et Boulogne","CC"
"248500514","CC du Canton de Rocheservière","CC"
"248500530","CC du Pays des Achards","CC"
"248500548","CC du Pays de Sainte Hermine","CC"
"248500563","CC Vendée, Sèvre, Autise","CC"
"248500571","CC du Pays des Essarts","CC"
"248500589","CA La Roche sur Yon - Agglomération","CA"
"248500597","CC de l'Auzance et de la Vertonne","CC"
"248500605","CC des Olonnes","CC"
"248500621","CC du Pays des Herbiers","CC"
"248500639","CC du Pays du Moutierrois","CC"
"248500647","CC du Pays de l'Hermenault","CC"
"248500662","CC du Canton de Mortagne-sur-Sèvre","CC"
"248500670","CC du Pays Mareuillais","CC"
"248500704","CC du Pays Né de la Mer","CC"
"248500712","CC du Pays de Challans","CC"
"248500720","CC du Pays du Gois","CC"
"248600157","CA Grand Poitiers","CA"
"248600371","CC de la Région de Couhé","CC"
"248600389","CC du Pays Mélusin","CC"
"248600397","CC du Montmorillonnais","CC"
"248600405","CC du Lussacois","CC"
"248600413","CA du Pays Châtelleraudais","CA"
"248600421","CC du Pays Chauvinois","CC"
"248600447","CC du Pays Loudunais","CC"
"248600454","CC du Val Vert du Clain","CC"
"248600553","CC du Pays Gencéen","CC"
"248600561","CC du Pays Vouglaisien","CC"
"248600579","CC du Lencloitrais","CC"
"248600587","CC du Neuvillois","CC"
"248600595","CC de Vienne et Moulière","CC"
"248600603","CC des Vals de Gartempe et Creuse","CC"
"248700130","CC Porte d'Occitanie","CC"
"248700148","CC des Monts de Châlus","CC"
"248700155","CC l'Aurence et Glane Développement","CC"
"248700163","CC du Haut Limousin","CC"
"248700189","CC du Pays de Saint Yrieix","CC"
"248700197","CC du Pays de la Météorite","CC"
"248710600","CC du Pays de Nexon","CC"
"248719239","CC de la Basse Marche","CC"
"248719262","CC Gartempe - Saint Pardoux","CC"
"248719288","CC du Val de Vienne","CC"
"248719296","CC de la Vallée de la Gorre","CC"
"248719304","CC Vienne Glane","CC"
"248719312","CA Limoges Métropole","CA"
"248719320","CC des Monts d'Ambazac et du Val du Taurion","CC"
"248719338","CC Briance Combade","CC"
"248719353","CC des Portes de Vassivière","CC"
"248719361","CC de Noblat","CC"
"248719379","CC Brame Benaize","CC"
"248800013","CC de la Moyenne Moselle","CC"
"248800336","CC de Bulgnéville Entre Xaintois et Bassigny","CC"
"248800351","CC du Pays de Saône et Madon","CC"
"248800369","CC des Hauts Champs","CC"
"248800419","CC du Pays de Châtenois","CC"
"248800435","CC des Vosges Méridionales","CC"
"248800450","CC de la Vallée de la Plaine","CC"
"248800609","CC du Secteur de Dompaire","CC"
"248800617","CC de la Haute Moselotte","CC"
"248800625","CC du Val de Neuné","CC"
"248800658","CC des Lacs et des Hauts Rupts","CC"
"248800666","CC de la Porte des Hautes Vosges","CC"
"248800682","CC des Marches de Lorraine","CC"
"248800690","CC du Pays de la Saône Vosgienne","CC"
"248800740","CC de Vittel-Contrexéville","CC"
"248900334","CC du Sénonais","CC"
"248900383","CC de l'Agglomération Migennoise","CC"
"248900524","CC de l'Aillantais","CC"
"248900532","CA de l'Auxerrois","CA"
"248900565","CC de Seignelay-Brienon","CC"
"248900664","CC de la Vanne et du Pays d'Othe","CC"
"248900748","CC du Gâtinais en Bourgogne","CC"
"248900771","CC du Pays Coulangeois","CC"
"248900813","CC Entre Cure et Yonne","CC"
"248900896","CC Yonne Nord","CC"
"248900938","CC du Jovinien","CC"
"249000019","CA de l'Agglomération Belfortaine","CA"
"249000118","CC la Haute Savoureuse","CC"
"249000217","CC du Pays Sous Vosgien","CC"
"249000241","CC du Sud Territoire","CC"
"249100074","CC du Pays de Limours (CCPL)","CC"
"249100157","CC de la Vallée de l'Ecole","CC"
"249100348","CA Evry Centre Essonne (CAECE)","CA"
"249100355","SAN de Sénart en Essonne","SAN"
"249100405","CA du Plateau de Saclay (CAPS)","CA"
"249100470","CA de Seine-Essonne (CASE)","CA"
"249100496","CA les Portes de l'Essonne (CALPE)","CA"
"249100504","CA du Val d'Orge (CAVO)","CA"
"249100512","CA du Val d'Yerres (CAVY)","CA"
"249100520","CA Sénart Val de Seine (CASVS)","CA"
"249100538","CC de l'Arpajonnais (CCA)","CC"
"249100546","CC du Val d'Essonne (CCVE)","CC"
"249100553","CC Entre Juine et Renarde (CCEJR)","CC"
"249100579","CA les Lacs de l'Essonne (CALE)","CA"
"249100595","CC le Dourdannais en Hurepoix (CCDH)","CC"
"249200015","CA des Hauts de Bièvre","CA"
"249200049","CA Coeur de Seine","CA"
"249200056","CA Sud de Seine","CA"
"249200072","CC de Châtillon - Montrouge","CC"
"249300070","CA de Clichy S/ Bois - Montfermeil","CA"
"249300088","CA Plaine Commune","CA"
"249400060","CA Val de Bièvre","CA"
"249400078","CA Vallée de la Marne","CA"
"249400086","CA Haut Val de Marne","CA"
"249400094","CA Plaine Centrale du Val de Marne","CA"
"249400102","CC du Plateau Briard","CC"
"249400110","CC de Charenton - Saint Maurice","CC"
"249500109","CA de Cergy-Pontoise","CA"
"249500323","CC du Pays de France","CC"
"249500380","CA Val de France","CA"
"249500398","CA Val et Forêt","CA"
"249500406","CC de l'Ouest de la Plaine de France","CC"
"249500414","CA de la Vallée de Montmorency","CA"
"249500430","CC de la Vallée du Sausseron","CC"
"249500455","CC de la Vallée de l'Oise et des Trois Forêts","CC"
"249500471","CC Carnelle - Pays de France","CC"
"249500489","CC du Haut Val d'Oise","CC"
"249500497","CC de la Vallée de l'Oise et des Impressionnistes","CC"
"249500513","CC du Vexin-Val de Seine","CC"
"249500521","CA Le Parisis","CA"
"249710047","CC de Marie-Galante","CC"
"249710062","CA du Nord Basse-Terre","CA"
"249710070","CA du Sud Basse-Terre","CA"
"249720053","CA de l'Espace Sud de la Martinique","CA"
"249720061","CA du Centre de la Martinique","CA"
"249730037","CC de l'Ouest Guyanais","CC"
"249730045","CA du Centre Littoral","CA"
"249730052","CC de l'Est Guyanais","CC"
"249740077","CA CIVIS (Communauté Intercommunale des Villes Solidaires)","CA"
"249740085","CA du Sud","CA"
"249740093","CA Intercommunale de la Réunion Est (CIREST)","CA"
"249740101","CA Territoire de la Côte Ouest (TCO)","CA"
"249740119","CA Intercommunale du Nord de la Réunion (CINOR)","CA"
"251000832","CC Seine Barse","CC"
"256500612","CC du Pays Toy","CC"
"ZZZZZZZZZ","nd","nd"
